Manufacturer,CPU manufacturer,CPU brand modifier,CPU generation,CPU Speed (GHz),RAM (GB),RAM Type,Bus (MHz),Storage (GB),Screen Size (inch),Screen Resolution,Refresh Rate (Hz),GPU manufacturer,Weight (kg),Battery,Price (VND)
asus,Apple,,,,,,,1000.0,,,,NVIDIA,,,
asus,Apple,,,,,,,1000.0,,,,Intel,,,
asus,Apple,,,,,,,,,,,Intel,,,
laptop,Apple,,,,,,,,,,,Intel,,,
asus,Apple,,,,,,,,,,,Intel,,,9290000.0
asus,Apple,,,,,,,16.0,,,,Intel,,,18490000.0
asus,Apple,,,,,,,16.0,15.6,,,Intel,,,14990000.0
asus,Apple,,,,,,,,,,,Intel,,,16990000.0
asus,Apple,,,,,,,16.0,,,,Intel,,,21990000.0
asus,Apple,,,,,,,16.0,15.6,,,Intel,,,12390000.0
asus,Apple,,,,,,,,,,,Intel,,,25490000.0
asus,Apple,,,,,,,,,,,Intel,,,10490000.0
asus,Intel,i3-1315u,13.0,,,,,8.0,16.0,,,Intel,,,10690000.0
asus,Apple,,,,,,,16.0,,,,Intel,,,17290000.0
asus,Apple,,,,,,,,,,,Intel,,,11990000.0
asus,Apple,,,,,,,16.0,,,,Intel,,,23990000.0
asus,Apple,,,,,,,16.0,14.0,,,Intel,,,17990000.0
asus,Apple,,,,,,,16.0,,,,Intel,,,19790000.0
asus,Apple,,,,,,,,,,,Intel,,,11990000.0
asus,Apple,,,,,,,16.0,15.6,,,Intel,,,20490000.0
asus,Apple,,,,,,,,,,,Intel,,,18990000.0
asus,Apple,,,,,,,,,,,Intel,,,14890000.0
asus,Apple,,,,,,,,,,,Intel,,,19990000.0
asus,Apple,,,,,,,16.0,16.0,,,Intel,,,18990000.0
asus,Apple,,,,,,,,,,,Intel,,,20990000.0
asus,Apple,,,,,,,,,,,Intel,,,18490000.0
asus,Apple,,,,,,,,,,,Intel,,,27490000.0
asus,Apple,,,,,,,,,,,Apple,,,26390000.0
asus,Apple,,,,,,,,,,,Intel,,,31990000.0
asus,Apple,,,,,,,,,,,Apple,,,21490000.0
asus,Apple,,,,,,,,,,,Intel,,,33990000.0
asus,Apple,,,,,,,,,,,Intel,,,25990000.0
laptop,Apple,,,,,,,,,,,Intel,,,
laptop,Apple,,,,,,,1000.0,,,,AMD,,,
hp,Apple,,,,,,,512.0,,,,AMD,,,
hp,Apple,,,,,,,1000.0,,,,AMD,,,
hp,Apple,,,,,,,512.0,,,,NVIDIA,,,
hp,Apple,,,,,,,512.0,,,,Intel,,,
hp,Apple,,,,,,,2000.0,,,,NVIDIA,,,2018.0
hp,Apple,,,,,,,1000.0,,,,Intel,,,2018.0
hp,Apple,,,,,,,,,,,Intel,,,12390000.0
laptop,Intel,i3-1315u,13.0,,,,,8.0,,,,Intel,,,9990000.0
laptop,Apple,,,,,,,,,,,Intel,,,15990000.0
hp,Apple,,,,,,,16.0,14.0,,,Intel,,,16490000.0
hp,Apple,,,,,,,,,,,Intel,,,15290000.0
hp,Intel,i3-1315u,13.0,,,,,,,,,Intel,,,10490000.0
hp,Apple,,,,,,,16.0,,,,Intel,,,22690000.0
hp,Apple,,,,,,,16.0,,,,Intel,,,19990000.0
hp,Apple,,,,16.0,,,16.0,15.6,,,Intel,,,23990000.0
hp,Apple,,,,,,,,,,,Intel,,,22990000.0
hp,Intel,Core Ultra 7,7.0,,,,,16.0,,,,Intel,,,27990000.0
hp,Apple,,,,,,,,,,,Intel,,,19790000.0
hp,Apple,,,,,,,,,,,Intel,,,18290000.0
hp,Apple,,,,,,,16.0,14.0,,,Intel,,,24390000.0
hp,Apple,,,,,,,16.0,15.6,,,Intel,,,21990000.0
hp,Apple,,,,,,,,,,,Intel,,,23790000.0
hp,Intel,i5-1334u,13.0,,,,,,,,,Intel,,,15790000.0
hp,Apple,,,,,,,,,,,Intel,,,15490000.0
hp,Apple,,,,,,,16.0,,,,Intel,,,20990000.0
hp,Apple,,,,,,,16.0,15.6,,,Intel,,,20290000.0
hp,Apple,,,,,,,16.0,13.3,,,Intel,,,25690000.0
hp,Apple,,,,,,,16.0,16.0,,,AMD,,,23290000.0
hp,Apple,,,,,,,16.0,16.0,,,Intel,,,25290000.0
hp,Apple,,,,,,,,,,,Intel,,,28990000.0
hp,Apple,,,,,,,16.0,16.0,,,Intel,,,25490000.0
lenovo,Apple,,,,,,,1000.0,,,,NVIDIA,,,
lenovo,Apple,,,,,,,1000.0,,,,NVIDIA,,,
laptop,Apple,,,,,,,,,,,Intel,,,
laptop,Apple,,,,,,,,,,,Intel,,,
lenovo,Apple,,,,,,,,,,,Intel,,,
lenovo,Apple,,,,,,,,,,,Intel,,,
laptop,Apple,,,,,,,,,,,Intel,,,
lenovo,Apple,,,,,,,,,2880x1800,,Intel,,,14990000.0
lenovo,Apple,,,,,,,,,2880x1800,,Intel,,,17990000.0
lenovo,Apple,,,,,,,,,,,Intel,,,20990000.0
lenovo,Apple,,,,,,,,,,,Intel,,,17990000.0
lenovo,Apple,,,,,,,,,2880x1800,,Intel,,,14990000.0
lenovo,Apple,,,,,,,,,,,Intel,,,32990000.0
lenovo,Apple,,,,,,,,,,,Intel,,,12490000.0
lenovo,Apple,,,,,,,,,,,Apple,,,21990000.0
lenovo,Apple,,,,,,,,,2880x1800,,Intel,,,15490000.0
lenovo,Apple,,,,,,,,,,,Intel,,,14590000.0
lenovo,Apple,,,,,,,16.0,,,,Intel,,,14590000.0
lenovo,Apple,,,,,,,,,,,Intel,,,11990000.0
lenovo,Apple,,,,,,,,,2880x1800,,Intel,,,16490000.0
lenovo,Apple,,,,,,,,,,,Intel,,,25990000.0
lenovo,Apple,,,,,,,,,2880x1800,,Intel,,,17990000.0
lenovo,Apple,,,,,,,,,2880x1800,,Intel,,,19490000.0
lenovo,Intel,i3-1315u,13.0,,,,,,,,,Intel,,,9990000.0
lenovo,Apple,,,,,,,16.0,15.6,,,Intel,,,17990000.0
lenovo,Apple,,,,,,,,,2880x1800,,Intel,,,17490000.0
lenovo,Apple,,,,,,,,,2880x1800,,Intel,,,16490000.0
lenovo,Apple,,,,,,,,,,,Intel,,,36990000.0
lenovo,Apple,,,,,,,24.0,,,,Intel,,,18990000.0
lenovo,Apple,,,,,,,16.0,16.0,,,Intel,,,22490000.0
lenovo,Apple,,,,,,,,,,,Intel,,,48490000.0
lenovo,Apple,,,,,,,,,,,Intel,,,40990000.0
lenovo,Apple,,,,,,,,,,,Intel,,,17990000.0
laptop,Apple,,,,,,,512.0,,,,NVIDIA,,,
laptop,Apple,,,,,,,512.0,,,,NVIDIA,,,
acer,Apple,,,,,,,,,,,Intel,,,
laptop,Apple,,,,,,,,,,,Intel,,,
acer,Apple,,,,,,,,,3840x2160,,Intel,,,
acer,Apple,,,,,,,,,3840x2160,120.0,NVIDIA,,,
acer,Apple,,,,,,,,,,,Intel,,,15990000.0
acer,Apple,,,,,,,,,,,Intel,,,12290000.0
laptop,Apple,,,,,,,,,,,Intel,,,16290000.0
acer,Apple,,,,,,,16.0,,,,Intel,,,18690000.0
laptop,Apple,,,,,,,,,,,Intel,,,18690000.0
acer,Apple,,,,,,,16.0,15.6,,,Intel,,,16490000.0
acer,Apple,,,,,,,16.0,15.6,,,Apple,,,20690000.0
acer,Apple,,,,,,,,,,,Intel,,,14290000.0
acer,Apple,,,,,,,,,2560x1440,,Intel,,,9490000.0
acer,Apple,,,,,,,16.0,15.6,,,Intel,,,16690000.0
acer,Apple,,,,,,,,,,,Intel,,,15690000.0
acer,Apple,,,,,,,,,,,Intel,,,18090000.0
laptop,Apple,,,,,,,16.0,,,,Intel,,,22290000.0
acer,Apple,,,,,,,16.0,15.6,,,Intel,,,22690000.0
acer,Apple,,,,,,,,,,,Intel,,,17390000.0
acer,Intel,i5-1334u,13.0,,,,,16.0,,,,Intel,,,13990000.0
acer,Apple,,,,,,,,,,,Intel,,,15690000.0
acer,Apple,,,,,,,,,,,Intel,,,22990000.0
acer,Apple,,,,,,,,,,,Intel,,,20790000.0
acer,Apple,,,,,,,16.0,15.6,,,Intel,,,18490000.0
acer,Apple,,,,,,,,,,,Intel,,,23990000.0
acer,Apple,,,,,,,,,,,Intel,,,26690000.0
acer,Apple,,,,,,,16.0,,,,Intel,,,15690000.0
acer,Apple,,,,,,,,,,,Intel,,,13290000.0
acer,Apple,,,,,,,,,,,Intel,,,23690000.0
acer,Apple,,,,,,,16.0,15.6,,,Intel,,,29190000.0
laptop,Apple,,,,,,,1000.0,,,,NVIDIA,,,
msi,Apple,,,,,,,512.0,,,,NVIDIA,,,
msi,Apple,,,,,,,,,,,Intel,,,
msi,Apple,,,,,,,16.0,15.6,,,Intel,,,18790000.0
msi,Apple,,,,,,,,,,,Intel,,,18990000.0
msi,Apple,,,,,,,,,,,Intel,,,28490000.0
msi,Intel,i5-1334u,13.0,,,,,16.0,14.0,,,Intel,,,13490000.0
laptop,Apple,,,,,,,,,,,Intel,,,12490000.0
msi,Apple,,,,,,,,,,,Intel,,,23190000.0
msi,Apple,,,,,,,,,,,Intel,,,19490000.0
msi,Apple,,,,,,,,,,,Intel,,,20990000.0
msi,Apple,,,,,,,,,,,Intel,,,19990000.0
msi,Apple,,,,,,,16.0,15.6,,,Intel,,,22490000.0
msi,Apple,,,,,,,16.0,15.6,,,Intel,,,20790000.0
msi,Apple,,,,,,,,,,,Intel,,,19590000.0
msi,Apple,,,,,,,,,,,Intel,,,18290000.0
msi,Apple,,,,,,,,,,,Intel,,,25490000.0
msi,Apple,,,,,,,,,,,Intel,,,16490000.0
msi,Intel,i5-1334u,13.0,,,,,16.0,15.6,,,Intel,,,13490000.0
msi,Apple,,,,,,,16.0,,,,Intel,,,34990000.0
msi,Apple,,,,,,,16.0,,,,Intel,,,45990000.0
laptop,Apple,,,,,,,16.0,,,,Intel,,,17690000.0
msi,Apple,,,,,,,,,,,Intel,,,29990000.0
msi,Apple,,,,,,,,,,,Intel,,,12490000.0
msi,Apple,,,,,,,,,,,Intel,,,42490000.0
msi,Apple,,,,,,,,,,,Intel,,,37490000.0
msi,Apple,,,,,,,16.0,15.6,,,Intel,,,37490000.0
msi,Apple,,,,,,,,,,,Intel,,,33990000.0
msi,Apple,,,,,,,,,,,Intel,,,48990000.0
msi,Apple,,,,,,,,,,,Intel,,,20290000.0
lg,Intel,i5-1334u,13.0,,,,,16.0,15.6,,,Intel,,,13990000.0
