Product Name,Manufacturer,CPU manufacturer,CPU brand modifier,CPU generation,CPU Speed (GHz),RAM (GB),RAM Type,Bus (MHz),Storage (GB),Screen Size (inch),Screen Resolution,Refresh Rate (Hz),GPU manufacturer,Weight (kg),Battery,Price (VND),url,saved_path,detail_specs_html_path
ASUS Vivobook Gaming K3605vc Rp431w I5 13420h,asus,Intel,Core I5,13420,4.6,16,DDR4,3200,512,16.0,1920x1200,144,Intel,1.8,50 Whr 120 W,22090000,https://www.fptshop.com.vn/may-tinh-xach-tay/asus-vivobook-gaming-k3605vc-rp431w-i5-13420h,data/fpt/raw_htmls\asus_0.html,data/fpt/detail_htmls\asus_0_specs.html
ASUS Vivobook 15 X1502va Bq886w I7 13620h,asus,Intel,Core I7,13620,4.9,16,DDR4,3200,512,15.6,1920x1200,60,Intel,1.7,42 WHrs 65 W,18490000,https://www.fptshop.com.vn/may-tinh-xach-tay/asus-vivobook-15-x1502va-bq886w-i7-13620h,data/fpt/raw_htmls\asus_4.html,data/fpt/detail_htmls\asus_4_specs.html
ASUS Vivobook E1504fa Bq1150w R5 7520u,asus,AMD,Ryzen 5,7520,4.3,16,LPDDR5,4800,512,15.6,1920x1080,60,AMD,1.63,42 WHrs 45 W,14990000,https://www.fptshop.com.vn/may-tinh-xach-tay/asus-vivobook-e1504fa-bq1150w-r5-7520u,data/fpt/raw_htmls\asus_3.html,data/fpt/detail_htmls\asus_3_specs.html
ASUS Vivobook Go 15 E1504ga Bq1141w I3 N305,asus,Intel,Core I3,305,3.8,8,DDR4,,256,15.6,1920x1080,60,Intel,1.63,42 WHrs 45 W,9990000,https://www.fptshop.com.vn/may-tinh-xach-tay/asus-vivobook-go-15-e1504ga-bq1141w-i3-n305,data/fpt/raw_htmls\asus_2.html,data/fpt/detail_htmls\asus_2_specs.html
ASUS Vivobook X1502va Bq885w I5 13420h,asus,Intel,Core I5,13420,4.6,16,DDR4,,512,15.6,1920x1080,60,Intel,1.7,63 Wh 150 W,16190000,https://www.fptshop.com.vn/may-tinh-xach-tay/asus-vivobook-x1502va-bq885w-i5-13420h,data/fpt/raw_htmls\asus_1.html,data/fpt/detail_htmls\asus_1_specs.html
ASUS Tuf Gaming F16 Fx607vj Rl034w Core 5 210h,asus,Intel,Core 5,210,4.8,16,DDR4,3200,512,16.0,1920x1200,144,Intel,2.2,56 WHrs 150 W,24590000,https://www.fptshop.com.vn/may-tinh-xach-tay/asus-tuf-gaming-f16-fx607vj-rl034w-core-5-210h,data/fpt/raw_htmls\asus_6.html,data/fpt/detail_htmls\asus_6_specs.html
ASUS Vivobook X1605va Mb1826w,asus,Intel,Core I3,1315,4.5,8,DDR4,,512,16.0,1920x1200,60,Intel,1.88,42 WHrs 45 W,13990000,https://www.fptshop.com.vn/may-tinh-xach-tay/asus-vivobook-x1605va-mb1826w,data/fpt/raw_htmls\asus_8.html,data/fpt/detail_htmls\asus_8_specs.html
ASUS Tuf Gaming Fa506ncg Hn184w R7 7445hs,asus,AMD,Ryzen 7,7445,4.7,16,DDR5,5600,512,15.6,1920x1080,144,AMD,2.3,48 Wh 180 W,22490000,https://www.fptshop.com.vn/may-tinh-xach-tay/asus-tuf-gaming-fa506ncg-hn184w-r7-7445hs,data/fpt/raw_htmls\asus_7.html,data/fpt/detail_htmls\asus_7_specs.html
ASUS Tuf Gaming F16 Fx607vu Rl045w Core 5 210h,asus,Intel,Core 5,210,4.8,16,DDR5,5600,512,16.0,1920x1200,144,Intel,2.2,56 WHrs 240 W,28990000,https://www.fptshop.com.vn/may-tinh-xach-tay/asus-tuf-gaming-f16-fx607vu-rl045w-core-5-210h,data/fpt/raw_htmls\asus_5.html,data/fpt/detail_htmls\asus_5_specs.html
ASUS Vivobook X1404va Nk394w I3 1315u,asus,Intel,Core I3,1315,4.5,8,DDR4,3200,512,14.0,1920x1080,60,Intel,1.4,42 WHrs 45 W,13490000,https://www.fptshop.com.vn/may-tinh-xach-tay/asus-vivobook-x1404va-nk394w-i3-1315u,data/fpt/raw_htmls\asus_9.html,data/fpt/detail_htmls\asus_9_specs.html
ASUS Vivobook S14 S3407va Ly046w I5 13420h,asus,Intel,Core I5,13420,4.6,16,DDR5,4800,512,14.0,1920x1200,60,Intel,1.39,70 Wh 65 W,19490000,https://www.fptshop.com.vn/may-tinh-xach-tay/asus-vivobook-s14-s3407va-ly046w-i5-13420h,data/fpt/raw_htmls\asus_12.html,data/fpt/detail_htmls\asus_12_specs.html
ASUS Vivobook 14 A1407ca Ly008ws,asus,Intel,Ultra 5,225,4.9,16,DDR5,4800,512,14.0,1920x1200,60,Intel,1.46,42 Wh 65 W,21990000,https://www.fptshop.com.vn/may-tinh-xach-tay/asus-vivobook-14-a1407ca-ly008ws,data/fpt/raw_htmls\asus_10.html,data/fpt/detail_htmls\asus_10_specs.html
ASUS Vivobook E1404fa Eb482w R5 7520u,asus,AMD,Ryzen 5,7520,4.3,16,LPDDR5,5500,512,14.0,1920x1080,60,AMD,1.38,42 Wh 45 W,14990000,https://www.fptshop.com.vn/may-tinh-xach-tay/asus-vivobook-e1404fa-eb482w-r5-7520u,data/fpt/raw_htmls\asus_13.html,data/fpt/detail_htmls\asus_13_specs.html
ASUS Vivobook S3407va Ly146w Core 5 210h,asus,Intel,Core 5,210,4.8,16,DDR5,4800,512,14.0,1920x1200,60,Intel,1.4,70 Whr 65 W,20990000,https://www.fptshop.com.vn/may-tinh-xach-tay/asus-vivobook-s3407va-ly146w-core-5-210h,data/fpt/raw_htmls\asus_14.html,data/fpt/detail_htmls\asus_14_specs.html
ASUS Gaming V16 V3607vu Rp343w Core 5 210h,asus,Intel,Core 5,210,4.8,16,DDR5,,512,16.0,1920x1200,144,Intel,1.95,63 WHrs 150 W,26990000,https://www.fptshop.com.vn/may-tinh-xach-tay/asus-gaming-v16-v3607vu-rp343w-core-5-210h,data/fpt/raw_htmls\asus_11.html,data/fpt/detail_htmls\asus_11_specs.html
ASUS Vivobook S14 S3407va Ly053w I7 13620h,asus,Intel,Core I7,13620,4.9,16,DDR5,4800,512,14.0,1920x1200,60,Intel,1.4,70 Wh 65 W,21990000,https://www.fptshop.com.vn/may-tinh-xach-tay/asus-vivobook-s14-s3407va-ly053w-i7-13620h,data/fpt/raw_htmls\asus_16.html,data/fpt/detail_htmls\asus_16_specs.html
ASUS Vivobook 14 X1405va Ly623w I5 13420h,asus,Intel,Core I5,13420,4.6,16,DDR4,3200,512,14.0,1920x1200,60,Intel,1.6,42 Wh 65 W,16190000,https://www.fptshop.com.vn/may-tinh-xach-tay/asus-vivobook-14-x1405va-ly623w-i5-13420h,data/fpt/raw_htmls\asus_15.html,data/fpt/detail_htmls\asus_15_specs.html
ASUS Gaming V16 V3607vh Rp025w Core 7 240h,asus,Intel,Core 7,240,5.2,16,DDR5,5200,512,16.0,1920x1200,144,Intel,1.95,63 WHrs 150 W,30490000,https://www.fptshop.com.vn/may-tinh-xach-tay/asus-gaming-v16-v3607vh-rp025w-core-7-240h,data/fpt/raw_htmls\asus_19.html,data/fpt/detail_htmls\asus_19_specs.html
ASUS Vivobook S3607va Rp056w I7 13620h,asus,Intel,Core I7,13620,4.9,16,DDR5,4800,512,16.0,1920x1200,144,Intel,1.8,70 Whr 65 W,21990000,https://www.fptshop.com.vn/may-tinh-xach-tay/asus-vivobook-s3607va-rp056w-i7-13620h,data/fpt/raw_htmls\asus_17.html,data/fpt/detail_htmls\asus_17_specs.html
ASUS Vivobook S14 S3407ca Ly095ws Ultra 5 225h,asus,Intel,Ultra 5,225,4.9,16,DDR5,4800,512,14.0,1920x1200,60,Intel,1.4,70 Wh 65 W,22490000,https://www.fptshop.com.vn/may-tinh-xach-tay/asus-vivobook-s14-s3407ca-ly095ws-ultra-5-225h,data/fpt/raw_htmls\asus_18.html,data/fpt/detail_htmls\asus_18_specs.html
ASUS Vivobook E1504fa Nj454w,asus,AMD,Ryzen 5,7520,4.3,16,LPDDR5,,512,15.6,1920x1080,60,AMD,1.8,42 WHrs 45 W,14190000,https://www.fptshop.com.vn/may-tinh-xach-tay/asus-vivobook-e1504fa-nj454w,data/fpt/raw_htmls\asus_20.html,data/fpt/detail_htmls\asus_20_specs.html
ASUS Vivobook S14 M3407ka Sf034ws AMD RYZEN Ai 5 330,asus,AMD,Ryzen AI 5,,4.0,16,DDR5,4800,512,14.0,1920x1200,60,AMD,1.4,70 Wh 65 W,23490000,https://www.fptshop.com.vn/may-tinh-xach-tay/asus-vivobook-s14-m3407ka-sf034ws-amd-ryzen-ai-5-330,data/fpt/raw_htmls\asus_21.html,data/fpt/detail_htmls\asus_21_specs.html
ASUS Tuf Gaming Fa607nug Rl129w R7 7445hs,asus,AMD,Ryzen 7,7445,4.7,16,DDR5,5600,512,16.0,1920x1200,144,AMD,2.2,4 Cell 240 W,28990000,https://www.fptshop.com.vn/may-tinh-xach-tay/asus-tuf-gaming-fa607nug-rl129w-r7-7445hs,data/fpt/raw_htmls\asus_23.html,data/fpt/detail_htmls\asus_23_specs.html
ASUS Vivobook 15 X1504va Bq165w Core 5 120u,asus,Intel,Core 5,120,5.0,16,DDR4,3200,512,15.6,1920x1080,60,Intel,1.7,42 WHrs 45 W,18990000,https://www.fptshop.com.vn/may-tinh-xach-tay/asus-vivobook-15-x1504va-bq165w-core-5-120u,data/fpt/raw_htmls\asus_22.html,data/fpt/detail_htmls\asus_22_specs.html
HP 14 Ep1179tu Core 5 120u C89zspa,hp,Intel,Core 5,120,5.0,16,DDR4,,512,14.0,1920x1080,,Intel,1.398,3 Cell 45 W,18690000,https://www.fptshop.com.vn/may-tinh-xach-tay/hp-14-ep1179tu-core-5-120u-c89zspa,data/fpt/raw_htmls\hp_2.html,data/fpt/detail_htmls\hp_2_specs.html
HP Probook 445 G10 R5 7530u B73tsat,hp,AMD,Ryzen 5,7530,4.5,16,DDR4,3200,512,14.0,1920x1080,60,AMD,1.38,3 Cell 65 W,18590000,https://www.fptshop.com.vn/may-tinh-xach-tay/hp-probook-445-g10-r5-7530u-b73tsat,data/fpt/raw_htmls\hp_4.html,data/fpt/detail_htmls\hp_4_specs.html
HP 15 Fd0305tu I3 1315u A2nl6pa,hp,Intel,Core I3,1315,4.5,8,DDR4,3200,256,15.6,1920x1080,60,Intel,1.59,3 Cell 45 W,12290000,https://www.fptshop.com.vn/may-tinh-xach-tay/hp-15-fd0305tu-i3-1315u-a2nl6pa,data/fpt/raw_htmls\hp_1.html,data/fpt/detail_htmls\hp_1_specs.html
HP 250 G10 I5 1334u B3wa8at,hp,Intel,Core 5,1334,4.6,16,DDR4,,512,15.6,1920x1080,,Intel,1.624,3 Cell 45 W,18390000,https://www.fptshop.com.vn/may-tinh-xach-tay/hp-250-g10-i5-1334u-b3wa8at,data/fpt/raw_htmls\hp_3.html,data/fpt/detail_htmls\hp_3_specs.html
HP 14 Em0086au R5 7520u,hp,AMD,Ryzen 5,7520,4.3,16,LPDDR5,5500,512,14.0,1920x1080,60,AMD,1.4,3 Cell 45 W,14890000,https://www.fptshop.com.vn/may-tinh-xach-tay/hp-14-em0086au-r5-7520u,data/fpt/raw_htmls\hp_0.html,data/fpt/detail_htmls\hp_0_specs.html
HP 14 Ep0112tu I5 1335u,hp,Intel,Core I5,1335,3.4,16,DDR4,,512,14.0,1920x1080,,Intel,1.4,3 Cell 45 W,19190000,https://www.fptshop.com.vn/may-tinh-xach-tay/hp-14-ep0112tu-i5-1335u,data/fpt/raw_htmls\hp_5.html,data/fpt/detail_htmls\hp_5_specs.html
HP Gaming Victus 15 Fa2732tx I5 13420h B85lppa,hp,Intel,Core I5,13420,4.6,16,DDR4,3200,512,15.6,1920x1080,144,Intel,2.262,70.07 Wh 120 W,26090000,https://www.fptshop.com.vn/may-tinh-xach-tay/hp-gaming-victus-15-fa2732tx-i5-13420h-b85lppa,data/fpt/raw_htmls\hp_6.html,data/fpt/detail_htmls\hp_6_specs.html
HP 14 Ep0220tu I3 1315u B73vwpa,hp,Intel,Core I3,1315,4.5,8,DDR4,3200,512,14.0,1920x1080,60,Intel,1.38,3 Cell 45 W,13190000,https://www.fptshop.com.vn/may-tinh-xach-tay/hp-14-ep0220tu-i3-1315u-b73vwpa,data/fpt/raw_htmls\hp_7.html,data/fpt/detail_htmls\hp_7_specs.html
HP Gaming Victus 15 Fa2731tx I5 13420h B85lnpa,hp,Intel,Core I5,13420,4.6,16,DDR4,3200,512,15.6,1920x1080,144,Intel,2.185,52.5 Wh 120 W,24090000,https://www.fptshop.com.vn/may-tinh-xach-tay/hp-gaming-victus-15-fa2731tx-i5-13420h-b85lnpa,data/fpt/raw_htmls\hp_9.html,data/fpt/detail_htmls\hp_9_specs.html
HP Omnibook 5 Ai 16 Af1048tu Ultra 5 225u Bz7q9pa,hp,Intel,Core Ultra 5,225,4.8,16,LPDDR5X,7467,512,16.0,1920x1200,,Intel,1.734,3 Cell 65 W,23690000,https://www.fptshop.com.vn/may-tinh-xach-tay/hp-omnibook-5-ai-16-af1048tu-ultra-5-225u-bz7q9pa,data/fpt/raw_htmls\hp_10.html,data/fpt/detail_htmls\hp_10_specs.html
HP 15 Fd1289tu Ultra 7 155h C2cv8pa,hp,Intel,Core Ultra 7,155,4.8,16,DDR5,,512,15.6,1920x1080,60,Intel,1.65,3 Cell 65 W,22890000,https://www.fptshop.com.vn/may-tinh-xach-tay/hp-15-fd1289tu-ultra-7-155h-c2cv8pa,data/fpt/raw_htmls\hp_11.html,data/fpt/detail_htmls\hp_11_specs.html
HP Gaming Victus 15 Fb3116ax R7 7445hs Bx9c9pa,hp,AMD,Ryzen 7,7445,5.1,16,LPDDR5,5600,512,15.6,1920x1080,144,AMD,2.29,52.5 Wh 120 W,27990000,https://www.fptshop.com.vn/may-tinh-xach-tay/hp-gaming-victus-15-fb3116ax-r7-7445hs-bx9c9pa,data/fpt/raw_htmls\hp_8.html,data/fpt/detail_htmls\hp_8_specs.html
HP Envy X360 14 Fc0158tu Core Ultra 7 155u,hp,Intel,Core Ultra 7,155,0.7,16,LPDDR5,,512,14.0,2880x1800,120,Intel,1.39,59 Wh 65 W,33290000,https://www.fptshop.com.vn/may-tinh-xach-tay/hp-envy-x360-14-fc0158tu-core-ultra-7-155u,data/fpt/raw_htmls\hp_12.html,data/fpt/detail_htmls\hp_12_specs.html
HP Omnibook 5 Ai 16 Af1046tu Ultra 5 225u Bz7q8pa,hp,Intel,Core Ultra 5,225,4.8,16,LPDDR5X,7467,512,16.0,1920x1200,,Intel,1.734,3 Cell 65 W,24490000,https://www.fptshop.com.vn/may-tinh-xach-tay/hp-omnibook-5-ai-16-af1046tu-ultra-5-225u-bz7q8pa,data/fpt/raw_htmls\hp_14.html,data/fpt/detail_htmls\hp_14_specs.html
HP 250r G10 Core 5 120u C3sh7at,hp,Intel,Core 5,120,5.0,16,DDR4,,512,15.6,1920x1080,,Intel,1.53,3 Cell 65 W,18590000,https://www.fptshop.com.vn/may-tinh-xach-tay/hp-250r-g10-core-5-120u-c3sh7at,data/fpt/raw_htmls\hp_16.html,data/fpt/detail_htmls\hp_16_specs.html
HP Gaming Victus 15 Fb3116ax R7 7445hs Bx8u4pa,hp,AMD,Ryzen 7,7445,5.1,16,LPDDR5,5600,512,15.6,1920x1080,144,AMD,2.29,52.5 Wh 120 W,25990000,https://www.fptshop.com.vn/may-tinh-xach-tay/hp-gaming-victus-15-fb3116ax-r7-7445hs-bx8u4pa,data/fpt/raw_htmls\hp_13.html,data/fpt/detail_htmls\hp_13_specs.html
HP 15 Fd0083tu I7 1355u,hp,Intel,Core I7,1355,1.7,16,,,512,15.6,1920x1080,60,,1.59,3 Cell,22090000,https://www.fptshop.com.vn/may-tinh-xach-tay/hp-15-fd0083tu-i7-1355u,data/fpt/raw_htmls\hp_15.html,data/fpt/detail_htmls\hp_15_specs.html
HP Omnibook 5 16 Ag1068au AMD Ai 5 340 Bz7t0pa,hp,AMD,Ryzen AI 5,340,4.8,16,LPDDR5,7500,512,16.0,1920x1200,,AMD,1.79,3 Cell 65 W,24790000,https://www.fptshop.com.vn/may-tinh-xach-tay/hp-omnibook-5-16-ag1068au-amd-ai-5-340-bz7t0pa,data/fpt/raw_htmls\hp_17.html,data/fpt/detail_htmls\hp_17_specs.html
HP 15 Fd1060tu Core Ultra 7 155h,hp,Intel,Core Ultra 7,155,4.8,16,DDR5,,512,15.6,1920x1080,60,Intel,1.65,41 Cell 65 W,23990000,https://www.fptshop.com.vn/may-tinh-xach-tay/hp-15-fd1060tu-core-ultra-7-155h,data/fpt/raw_htmls\hp_18.html,data/fpt/detail_htmls\hp_18_specs.html
HP Omnibook 5 16 Ag1067au RYZEN Al 7 350 Bz7u5pa,hp,AMD,Ryzen AI 7,350,5.0,16,LPDDR5,7500,512,16.0,1920x1200,,AMD,1.79,3 Cell 65 W,26790000,https://www.fptshop.com.vn/may-tinh-xach-tay/hp-omnibook-5-16-ag1067au-ryzen-al-7-350-bz7u5pa,data/fpt/raw_htmls\hp_21.html,data/fpt/detail_htmls\hp_21_specs.html
HP Probook 4 G1ah 14 R5 220,hp,AMD,Ryzen 5,,4.9,16,LPDDR5,5600,512,14.0,1920x1200,60,AMD,1.4,3 Cell 65 W,19190000,https://www.fptshop.com.vn/may-tinh-xach-tay/hp-probook-4-g1ah-14-r5-220,data/fpt/raw_htmls\hp_19.html,data/fpt/detail_htmls\hp_19_specs.html
HP Omnibook 7 14 Fr0033tu Ultra 5 225u C1mn2pa,hp,Intel,Core Ultra 5,225,4.8,16,LPDDR5,7467,512,14.0,1920x1200,,Intel,1.41,3 Cell 68 W,25190000,https://www.fptshop.com.vn/may-tinh-xach-tay/hp-omnibook-7-14-fr0033tu-ultra-5-225u-c1mn2pa,data/fpt/raw_htmls\hp_20.html,data/fpt/detail_htmls\hp_20_specs.html
HP 15 Fd1058tu U7 155h 9z2x6pa,hp,Intel,Core Ultra 7,155,4.8,16,DDR5,,1024,15.6,1920x1080,60,Intel,1.65,41 Cell 65 W,25490000,https://www.fptshop.com.vn/may-tinh-xach-tay/hp-15-fd1058tu-u7-155h-9z2x6pa,data/fpt/raw_htmls\hp_23.html,data/fpt/detail_htmls\hp_23_specs.html
HP Omnibook 7 Aero 13 Bg1087au RYZEN Ai 5 340 Bz7s1pa,hp,AMD,Ryzen AI 5,340,4.8,16,LPDDR5,7200,512,13.3,1920x1200,,AMD,1.0,3 Cell 65 W,26490000,https://www.fptshop.com.vn/may-tinh-xach-tay/hp-omnibook-7-aero-13-bg1087au-ryzen-ai-5-340-bz7s1pa,data/fpt/raw_htmls\hp_22.html,data/fpt/detail_htmls\hp_22_specs.html
LENOVO Ideapad Slim 3 15irh10 I5 13420h 83k1002pvn,lenovo,Intel,Core I5,13420,3.4,16,DDR5,4800,512,15.1,2560x1600,165,Intel,1.49,60 Wh 65 W,20490000,https://www.fptshop.com.vn/may-tinh-xach-tay/lenovo-ideapad-slim-3-15irh10-i5-13420h-83k1002pvn,data/fpt/raw_htmls\lenovo_2.html,data/fpt/detail_htmls\lenovo_2_specs.html
LENOVO Gaming Loq 15irx10 I7 13650hx 83je00pevn,lenovo,Intel,Core I7,13650,4.9,32,DDR5,4800,512,15.6,1920x1080,144,NVIDIA,2.4,60 Wh 180 W,34990000,https://www.fptshop.com.vn/may-tinh-xach-tay/lenovo-gaming-loq-15irx10-i7-13650hx-83je00pevn,data/fpt/raw_htmls\lenovo_4.html,data/fpt/detail_htmls\lenovo_4_specs.html
LENOVO V14 G4 Iru I3 1315u 83a000s4vn,lenovo,Intel,Core I3,1315,4.5,8,DDR4,3200,512,14.0,1920x1080,60,Intel,1.43,38 Wh 65 W,11590000,https://www.fptshop.com.vn/may-tinh-xach-tay/lenovo-v14-g4-iru-i3-1315u-83a000s4vn,data/fpt/raw_htmls\lenovo_0.html,data/fpt/detail_htmls\lenovo_0_specs.html
LENOVO Ideapad Slim 3 14irh10 83k00008vn,lenovo,Intel,Core I5,13420,4.6,16,DDR5,4800,512,14.0,1920x1280,60,Intel,1.43,60 Wh 65 W,16990000,https://www.fptshop.com.vn/may-tinh-xach-tay/lenovo-ideapad-slim-3-14irh10-83k00008vn,data/fpt/raw_htmls\lenovo_1.html,data/fpt/detail_htmls\lenovo_1_specs.html
LENOVO Ideapad Slim 3 15irh10 83k1000jvn,lenovo,Intel,Core I7,13620,3.6,16,DDR5,4800,512,15.3,1920x1200,60,Intel,1.63,60 Wh 65 W,19990000,https://www.fptshop.com.vn/may-tinh-xach-tay/lenovo-ideapad-slim-3-15irh10-83k1000jvn,data/fpt/raw_htmls\lenovo_3.html,data/fpt/detail_htmls\lenovo_3_specs.html
LENOVO Ideapad Slim 5 14akp10 RYZEN Ai 7 350 83hx001jvn,lenovo,AMD,Ryzen AI 7,350,5.0,32,DDR5,5600,1024,14.0,1920x1200,60,AMD,1.39,,27990000,https://www.fptshop.com.vn/may-tinh-xach-tay/lenovo-ideapad-slim-5-14akp10-ryzen-ai-7-350-83hx001jvn,data/fpt/raw_htmls\lenovo_6.html,data/fpt/detail_htmls\lenovo_6_specs.html
LENOVO V15 G4 Iru I5 13420h 83a100pmvn,lenovo,Intel,Core I5,13420,3.4,16,DDR4,3200,512,15.6,1920x1080,,Intel,1.65,38 Wh 65 W,15990000,https://www.fptshop.com.vn/may-tinh-xach-tay/lenovo-v15-g4-iru-i5-13420h-83a100pmvn,data/fpt/raw_htmls\lenovo_5.html,data/fpt/detail_htmls\lenovo_5_specs.html
LENOVO Ideapad Slim 3 15arp10 R5 7533hs 83k70019vn,lenovo,AMD,Ryzen 5,7533,4.5,24,DDR5,4800,512,15.3,1920x1200,60,AMD,1.69,60 Wh 65 W,16990000,https://www.fptshop.com.vn/may-tinh-xach-tay/lenovo-ideapad-slim-3-15arp10-r5-7533hs-83k70019vn,data/fpt/raw_htmls\lenovo_7.html,data/fpt/detail_htmls\lenovo_7_specs.html
LENOVO Ideapad Slim 3 16irh10 83k20002vn,lenovo,Intel,Core I5,13420,3.4,16,DDR5,4800,512,16.0,1920x1200,60,Intel,1.73,60 Wh 65 W,16990000,https://www.fptshop.com.vn/may-tinh-xach-tay/lenovo-ideapad-slim-3-16irh10-83k20002vn,data/fpt/raw_htmls\lenovo_8.html,data/fpt/detail_htmls\lenovo_8_specs.html
LENOVO Ideapad Slim 3 15abr8 82xm00mdvn,lenovo,AMD,Ryzen 5,5625,4.3,16,DDR4,3200,512,15.6,1920x1080,60,AMD,1.62,,14490000,https://www.fptshop.com.vn/may-tinh-xach-tay/lenovo-ideapad-slim-3-15abr8-82xm00mdvn,data/fpt/raw_htmls\lenovo_9.html,data/fpt/detail_htmls\lenovo_9_specs.html
LENOVO Gaming Loq 15arp9 R5 7235hs 83jc00lvvn,lenovo,AMD,Ryzen 5,7235,4.2,16,DDR5,4800,512,15.6,1920x1080,144,NVIDIA,2.38,60 Wh 170 W,23490000,https://www.fptshop.com.vn/may-tinh-xach-tay/lenovo-gaming-loq-15arp9-r5-7235hs-83jc00lvvn,data/fpt/raw_htmls\lenovo_11.html,data/fpt/detail_htmls\lenovo_11_specs.html
LENOVO V15 G4 Iru I7 13620h 83a100rhvn,lenovo,Intel,Core I7,13620,3.6,16,DDR4,3200,512,15.6,1920x1080,,Intel,1.65,38 Wh 65 W,19090000,https://www.fptshop.com.vn/may-tinh-xach-tay/lenovo-v15-g4-iru-i7-13620h-83a100rhvn,data/fpt/raw_htmls\lenovo_10.html,data/fpt/detail_htmls\lenovo_10_specs.html
LENOVO Gaming Loq 15arp9 R5 7235hs 83jc00m3vn,lenovo,AMD,Ryzen 5,7235,4.2,16,DDR5,4800,1024,15.6,1920x1080,144,NVIDIA,2.38,60 Wh 170 W,24490000,https://www.fptshop.com.vn/may-tinh-xach-tay/lenovo-gaming-loq-15arp9-r5-7235hs-83jc00m3vn,data/fpt/raw_htmls\lenovo_12.html,data/fpt/detail_htmls\lenovo_12_specs.html
LENOVO Ideapad Slim 3 14irh10 83k00007vn,lenovo,Intel,Core I7,13620,4.9,16,DDR5,4800,512,14.0,1920x1280,60,Intel,1.43,60 Wh 65 W,19990000,https://www.fptshop.com.vn/may-tinh-xach-tay/lenovo-ideapad-slim-3-14irh10-83k00007vn,data/fpt/raw_htmls\lenovo_13.html,data/fpt/detail_htmls\lenovo_13_specs.html
LENOVO Ideapad Slim 3 14irh10 83k0000avn,lenovo,Intel,Core I5,13420,4.6,24,DDR5,4800,512,14.0,1920x1280,60,Intel,1.43,60 Wh 65 W,17990000,https://www.fptshop.com.vn/may-tinh-xach-tay/lenovo-ideapad-slim-3-14irh10-83k0000avn,data/fpt/raw_htmls\lenovo_14.html,data/fpt/detail_htmls\lenovo_14_specs.html
LENOVO Ideapad Slim 3 14irh10 I5 13420h 83k0000bvn,lenovo,Intel,Core I5,13420,3.4,16,DDR5,4800,512,14.0,1920x1280,60,Intel,1.33,60 Wh 65 W,19490000,https://www.fptshop.com.vn/may-tinh-xach-tay/lenovo-ideapad-slim-3-14irh10-i5-13420h-83k0000bvn,data/fpt/raw_htmls\lenovo_15.html,data/fpt/detail_htmls\lenovo_15_specs.html
LENOVO Gaming Loq E 15iax9e I5 12450hx 83lk0079vn,lenovo,Intel,Core I5,12450,3.1,16,DDR5,4800,512,15.6,1920x1080,144,NVIDIA,1.77,,22090000,https://www.fptshop.com.vn/may-tinh-xach-tay/lenovo-gaming-loq-e-15iax9e-i5-12450hx-83lk0079vn,data/fpt/raw_htmls\lenovo_16.html,data/fpt/detail_htmls\lenovo_16_specs.html
LENOVO Yoga Slim 7 14imh9 Core Ultra 7 155h 83cv00dkvn,lenovo,Intel,Core Ultra 7,155,4.8,32,LPDDR5,5600,1024,14.0,1920x1200,60,Intel,1.39,65 Wh 65 W,29990000,https://www.fptshop.com.vn/may-tinh-xach-tay/lenovo-yoga-slim-7-14imh9-core-ultra-7-155h-83cv00dkvn,data/fpt/raw_htmls\lenovo_17.html,data/fpt/detail_htmls\lenovo_17_specs.html
LENOVO Thinkpad E14 Gen 7 U5 225u 21sx005nvn,lenovo,Intel,Core Ultra 5,225,4.8,16,DDR5,5600,512,14.0,1920x1200,60,Intel,1.34,48 Wh 65 W,24300000,https://www.fptshop.com.vn/may-tinh-xach-tay/lenovo-thinkpad-e14-gen-7-u5-225u-21sx005nvn,data/fpt/raw_htmls\lenovo_18.html,data/fpt/detail_htmls\lenovo_18_specs.html
LENOVO Ideapad Slim 3 15irh10 83k1000gvn,lenovo,Intel,Core I5,13420,4.6,24,DDR5,4800,512,15.3,1920x1200,60,Intel,1.63,60 Wh 65 W,17990000,https://www.fptshop.com.vn/may-tinh-xach-tay/lenovo-ideapad-slim-3-15irh10-83k1000gvn,data/fpt/raw_htmls\lenovo_19.html,data/fpt/detail_htmls\lenovo_19_specs.html
LENOVO Thinkpad E14 Gen 7 Core 5 210h 21t90023vn,lenovo,Intel,Core 5,210,4.8,16,DDR5,5600,512,14.0,1920x1200,60,Intel,1.34,48 Wh 65 W,23400000,https://www.fptshop.com.vn/may-tinh-xach-tay/lenovo-thinkpad-e14-gen-7-core-5-210h-21t90023vn,data/fpt/raw_htmls\lenovo_22.html,data/fpt/detail_htmls\lenovo_22_specs.html
LENOVO V14 G5 Irl INTEL Core I5 13420h,lenovo,Intel,Core I5,13420,3.4,16,DDR5,5200,512,14.0,1920x1080,,Intel,1.37,47 Wh 65 W,16200000,https://www.fptshop.com.vn/may-tinh-xach-tay/lenovo-v14-g5-irl-intel-core-i5-13420h,data/fpt/raw_htmls\lenovo_21.html,data/fpt/detail_htmls\lenovo_21_specs.html
LENOVO Legion 5 15irx10 I7 13650hx 83ly00hrvn,lenovo,Intel,Core I7,13650,4.9,16,DDR5,,512,15.3,1920x1200,165,Intel,2.1,80 Wh 245 W,36990000,https://www.fptshop.com.vn/may-tinh-xach-tay/lenovo-legion-5-15irx10-i7-13650hx-83ly00hrvn,data/fpt/raw_htmls\lenovo_20.html,data/fpt/detail_htmls\lenovo_20_specs.html
LENOVO V15 G5 Irl INTEL Core I5 13420h,lenovo,Intel,Core I5,13420,3.4,16,DDR5,5200,512,15.6,1920x1080,,Intel,1.61,47 Wh 65 W,16400000,https://www.fptshop.com.vn/may-tinh-xach-tay/lenovo-v15-g5-irl-intel-core-i5-13420h,data/fpt/raw_htmls\lenovo_23.html,data/fpt/detail_htmls\lenovo_23_specs.html
ACER Aspire Go 14 Ai Ag14 71m 52lh Ultra5 115u,acer,Intel,Core Ultra 5,,4.2,16,DDR5,,512,14.0,1920x1200,60,Intel,1.47,,16990000,https://www.fptshop.com.vn/may-tinh-xach-tay/acer-aspire-go-14-ai-ag14-71m-52lh-ultra5-115u,data/fpt/raw_htmls\acer_0.html,data/fpt/detail_htmls\acer_0_specs.html
ACER Aspire Lite 15 Al15 41p R3u5 R7 5700u,acer,AMD,Ryzen 7,5700,4.3,16,DDR4,,512,15.6,1920x1080,60,AMD,1.7,,12990000,https://www.fptshop.com.vn/may-tinh-xach-tay/acer-aspire-lite-15-al15-41p-r3u5-r7-5700u,data/fpt/raw_htmls\acer_1.html,data/fpt/detail_htmls\acer_1_specs.html
ACER Gaming Nitro V 15 Propanel Anv15 41 R9m1 R5 7535hs,acer,AMD,Ryzen 5,7535,4.55,16,DDR5,,512,15.6,1920x1080,180,AMD,2.1,,23990000,https://www.fptshop.com.vn/may-tinh-xach-tay/acer-gaming-nitro-v-15-propanel-anv15-41-r9m1-r5-7535hs,data/fpt/raw_htmls\acer_2.html,data/fpt/detail_htmls\acer_2_specs.html
ACER Aspire Lite 16 Ai Al16 71p 71wu Ultra 7 155h,acer,Intel,Ultra 7,155,4.8,16,DDR5,5600,512,16.0,1920x1200,60,Intel,1.6,,20290000,https://www.fptshop.com.vn/may-tinh-xach-tay/acer-aspire-lite-16-ai-al16-71p-71wu-ultra-7-155h,data/fpt/raw_htmls\acer_4.html,data/fpt/detail_htmls\acer_4_specs.html
ACER Aspire Lite 14 Al14 71m 52gq I5 12500h,acer,Intel,Core I5,12500,4.5,16,DDR5,,512,14.0,1920x1200,60,Intel,1.5,,15790000,https://www.fptshop.com.vn/may-tinh-xach-tay/acer-aspire-lite-14-al14-71m-52gq-i5-12500h,data/fpt/raw_htmls\acer_3.html,data/fpt/detail_htmls\acer_3_specs.html
ACER Nitro V Gaming Anv15 41 R2up R5 6600h,acer,AMD,Ryzen 5,6600,3.3,16,DDR5,,512,15.6,1920x1080,165,NVIDIA,2.1,,18990000,https://www.fptshop.com.vn/may-tinh-xach-tay/acer-nitro-v-gaming-anv15-41-r2up-r5-6600h,data/fpt/raw_htmls\acer_7.html,data/fpt/detail_htmls\acer_7_specs.html
ACER Swift Lite 14 Ai Sfl14 51m 56hs U5 125u,acer,Intel,Core Ultra 5,125,4.3,16,DDR5,,512,14.0,1920x1200,60,Intel,1.27,3 Cell,19690000,https://www.fptshop.com.vn/may-tinh-xach-tay/acer-swift-lite-14-ai-sfl14-51m-56hs-u5-125u,data/fpt/raw_htmls\acer_8.html,data/fpt/detail_htmls\acer_8_specs.html
ACER Aspire 7 Gaming A715 59g 57tu I5 12450h 16gb,acer,Intel,Core I5,12450,4.4,16,DDR4,,512,15.6,1920x1080,144,Intel,1.99,,20190000,https://www.fptshop.com.vn/may-tinh-xach-tay/acer-aspire-7-gaming-a715-59g-57tu-i5-12450h-16gb,data/fpt/raw_htmls\acer_6.html,data/fpt/detail_htmls\acer_6_specs.html
ACER Aspire Lite 16 Ai Al16 71p 5674 Ultra 5 125h,acer,Intel,Ultra 5,125,4.5,16,DDR5,5600,512,16.0,1920x1200,60,Intel,1.6,,17290000,https://www.fptshop.com.vn/may-tinh-xach-tay/acer-aspire-lite-16-ai-al16-71p-5674-ultra-5-125h,data/fpt/raw_htmls\acer_5.html,data/fpt/detail_htmls\acer_5_specs.html
ACER Gaming Nitro V 15 Anv15 41 R732 R5 6600h,acer,AMD,Ryzen 5,6600,4.5,16,DDR5,,512,15.6,1920x1080,165,NVIDIA,2.1,,24990000,https://www.fptshop.com.vn/may-tinh-xach-tay/acer-gaming-nitro-v-15-anv15-41-r732-r5-6600h,data/fpt/raw_htmls\acer_9.html,data/fpt/detail_htmls\acer_9_specs.html
ACER Aspire Lite 14 Gen 2 Al14 52m 32kv,acer,Intel,Core I3,1305,4.5,8,DDR5,,256,14.0,1920x1200,60,,1.5,3 Cell,11290000,https://www.fptshop.com.vn/may-tinh-xach-tay/acer-aspire-lite-14-gen-2-al14-52m-32kv,data/fpt/raw_htmls\acer_11.html,data/fpt/detail_htmls\acer_11_specs.html
ACER Aspire Lite 15 Al15 72p 7232 I7 13620h,acer,Intel,Core I7,13620,4.9,16,DDR5,,512,15.6,1920x1080,60,Intel,1.79,58 Wh 90 W,16990000,https://www.fptshop.com.vn/may-tinh-xach-tay/acer-aspire-lite-15-al15-72p-7232-i7-13620h,data/fpt/raw_htmls\acer_10.html,data/fpt/detail_htmls\acer_10_specs.html
ACER Aspire 7 Gaming A715 59g 73lb I7 12650h,acer,Intel,Core I7,12650,4.7,16,DDR4,,512,15.6,1920x1080,144,Intel,2.07,54.8 Wh 150 W,23690000,https://www.fptshop.com.vn/may-tinh-xach-tay/acer-aspire-7-gaming-a715-59g-73lb-i7-12650h,data/fpt/raw_htmls\acer_12.html,data/fpt/detail_htmls\acer_12_specs.html
ACER Gaming Nitro V 15 Propanel Anv15 52 72bm I7 13620h,acer,Intel,Core I7,13620,4.9,16,DDR4,,512,15.6,1920x1080,180,Intel,2.1,,31490000,https://www.fptshop.com.vn/may-tinh-xach-tay/acer-gaming-nitro-v-15-propanel-anv15-52-72bm-i7-13620h,data/fpt/raw_htmls\acer_13.html,data/fpt/detail_htmls\acer_13_specs.html
ACER Aspire 5 A515 58m 951t I9 13900h,acer,Intel,Core I9,13900,5.4,16,DDR5,3200,512,15.6,1920x1080,60,Intel,1.7,,23590000,https://www.fptshop.com.vn/may-tinh-xach-tay/acer-aspire-5-a515-58m-951t-i9-13900h,data/fpt/raw_htmls\acer_15.html,data/fpt/detail_htmls\acer_15_specs.html
ACER Aspire Lite 16 Al16 51p 72s2 I7 1255u,acer,Intel,Core I7,1255,4.7,16,DDR5,,512,16.0,1920x1200,60,Intel,1.8,3 Cell,16690000,https://www.fptshop.com.vn/may-tinh-xach-tay/acer-aspire-lite-16-al16-51p-72s2-i7-1255u,data/fpt/raw_htmls\acer_16.html,data/fpt/detail_htmls\acer_16_specs.html
ACER Gaming Nitro V 15 Propanel Anv15 41 R7ap R5 7535hs,acer,AMD,Ryzen 5,7535,0.0,16,DDR5,,512,15.6,1920x1200,180,AMD,2.1,,22990000,https://www.fptshop.com.vn/may-tinh-xach-tay/acer-gaming-nitro-v-15-propanel-anv15-41-r7ap-r5-7535hs,data/fpt/raw_htmls\acer_18.html,data/fpt/detail_htmls\acer_18_specs.html
ACER Aspire Lite 14 Al14 52m 52uu I5 1335u,acer,Intel,Core I5,1335,4.6,16,DDR5,,512,14.0,2240x1400,60,Intel,1.5,,16490000,https://www.fptshop.com.vn/may-tinh-xach-tay/acer-aspire-lite-14-al14-52m-52uu-i5-1335u,data/fpt/raw_htmls\acer_14.html,data/fpt/detail_htmls\acer_14_specs.html
ACER Aspire Lite 16 Gen 2 Al16 52p 572a I5 1334u,acer,Intel,Core I5,1334,4.6,16,DDR5,,512,16.0,1920x1200,60,Intel,1.7,,14990000,https://www.fptshop.com.vn/may-tinh-xach-tay/acer-aspire-lite-16-gen-2-al16-52p-572a-i5-1334u,data/fpt/raw_htmls\acer_17.html,data/fpt/detail_htmls\acer_17_specs.html
ACER Gaming Nitro V 15 Propanel Anv15 41 R7cr R5 7535hs,acer,AMD,Ryzen 5,7735,4.55,16,DDR5,,512,15.6,1920x1080,180,AMD,2.1,57 Wh 135 W,26990000,https://www.fptshop.com.vn/may-tinh-xach-tay/acer-gaming-nitro-v-15-propanel-anv15-41-r7cr-r5-7535hs,data/fpt/raw_htmls\acer_19.html,data/fpt/detail_htmls\acer_19_specs.html
ACER Swift Go 14 Ai Sfg14 75 5264 Ultra 5 226v,acer,Intel,Core Ultra 5,226,4.5,16,LPDDR5X,,512,14.0,1920x1200,60,Intel,1.24,,23990000,https://www.fptshop.com.vn/may-tinh-xach-tay/acer-swift-go-14-ai-sfg14-75-5264-ultra-5-226v,data/fpt/raw_htmls\acer_20.html,data/fpt/detail_htmls\acer_20_specs.html
ACER Gaming Nitro V 15 Propanel Anv15 41 R0y4 R7 7735hs,acer,AMD,Ryzen 7,7735,4.75,16,DDR5,,512,15.6,1920x1080,180,AMD,2.1,57 Wh 135 W,28990000,https://www.fptshop.com.vn/may-tinh-xach-tay/acer-gaming-nitro-v-15-propanel-anv15-41-r0y4-r7-7735hs,data/fpt/raw_htmls\acer_21.html,data/fpt/detail_htmls\acer_21_specs.html
ACER Aspire 7 A715 76 728x I7 12650h,acer,Intel,Core I7,12650,3.5,16,DDR4,,512,15.6,1920x1080,60,,2.1,,20190000,https://www.fptshop.com.vn/may-tinh-xach-tay/acer-aspire-7-a715-76-728x-i7-12650h,data/fpt/raw_htmls\acer_22.html,data/fpt/detail_htmls\acer_22_specs.html
ACER Swift Lite 14 Ai Sfl14 51m 78xz U7 155u,acer,Intel,Core Ultra 7,155,3.8,16,DDR5,,512,14.0,1920x1200,60,Intel,1.27,3 Cell,22590000,https://www.fptshop.com.vn/may-tinh-xach-tay/acer-swift-lite-14-ai-sfl14-51m-78xz-u7-155u,data/fpt/raw_htmls\acer_23.html,data/fpt/detail_htmls\acer_23_specs.html
MSI Venture A15 Ai A2hmg 003vn R7 260,msi,AMD,Ryzen 7,260,5.1,16,DDR5,5600,512,15.6,1920x1080,144,AMD,1.9,55.2 WHrs 90 W,22490000,https://www.fptshop.com.vn/may-tinh-xach-tay/msi-venture-a15-ai-a2hmg-003vn-r7-260,data/fpt/raw_htmls\msi_0.html,data/fpt/detail_htmls\msi_0_specs.html
MSI Modern 15 H Ai C2hmg 220vn Ultra 7 255h,msi,Intel,Ultra 7,255,5.1,16,DDR5,5600,512,15.6,1920x1080,60,Intel,1.9,39.3 Whr 90 W,22490000,https://www.fptshop.com.vn/may-tinh-xach-tay/msi-modern-15-h-ai-c2hmg-220vn-ultra-7-255h,data/fpt/raw_htmls\msi_4.html,data/fpt/detail_htmls\msi_4_specs.html
MSI Modern 14 F13mg 466vn I5 1334u,msi,Intel,Core I5,1334,4.6,16,DDR4,3200,512,14.0,1920x1080,60,Intel,1.5,46.8 Whr 65 W,14990000,https://www.fptshop.com.vn/may-tinh-xach-tay/msi-modern-14-f13mg-466vn-i5-1334u,data/fpt/raw_htmls\msi_3.html,data/fpt/detail_htmls\msi_3_specs.html
MSI Gaming Thin 15 B13uc 3247vn I5 13420h,msi,Intel,Core I5,13420,4.6,16,DDR4,3200,512,15.6,1920x1080,144,Intel,1.86,52 Whr 120 W,20590000,https://www.fptshop.com.vn/may-tinh-xach-tay/msi-gaming-thin-15-b13uc-3247vn-i5-13420h,data/fpt/raw_htmls\msi_1.html,data/fpt/detail_htmls\msi_1_specs.html
MSI Gaming Katana 15 B13vfk 676vn I7 13620h,msi,Intel,Core I7,13620,4.9,16,DDR5,5200,1024,15.6,1920x1080,144,Intel,2.25,53.5 Wh 200 W,30390000,https://www.fptshop.com.vn/may-tinh-xach-tay/msi-gaming-katana-15-b13vfk-676vn-i7-13620h,data/fpt/raw_htmls\msi_2.html,data/fpt/detail_htmls\msi_2_specs.html
MSI Gaming Katana 15 B13vek 2415vn,msi,Intel,Core I5,13420,4.6,24,DDR5,5200,512,15.6,1920x1080,144,Intel,2.25,53.5 Wh 200 W,25090000,https://www.fptshop.com.vn/may-tinh-xach-tay/msi-gaming-katana-15-b13vek-2415vn,data/fpt/raw_htmls\msi_5.html,data/fpt/detail_htmls\msi_5_specs.html
MSI Gaming Katana 15 B13udxk 2213vn I5 13500h,msi,Intel,Core I5,13500,4.7,16,DDR5,5600,1024,15.6,1920x1080,144,NVIDIA,2.3,53.5 Whr 180 W,23490000,https://www.fptshop.com.vn/may-tinh-xach-tay/msi-gaming-katana-15-b13udxk-2213vn-i5-13500h,data/fpt/raw_htmls\msi_6.html,data/fpt/detail_htmls\msi_6_specs.html
MSI Gaming Katana 15 B13udxk 2410vn I5 13420h,msi,Intel,Core I5,13420,4.6,16,DDR5,5200,512,15.6,1920x1080,144,Intel,2.25,53.5 Wh 180 W,22490000,https://www.fptshop.com.vn/may-tinh-xach-tay/msi-gaming-katana-15-b13udxk-2410vn-i5-13420h,data/fpt/raw_htmls\msi_7.html,data/fpt/detail_htmls\msi_7_specs.html
MSI Gaming Katana 15 B13udxk 2412vn I5 13420h,msi,Intel,Core I5,13420,4.9,16,DDR5,5200,1024,15.6,1920x1080,144,Intel,2.25,53.5 Wh 200 W,22490000,https://www.fptshop.com.vn/may-tinh-xach-tay/msi-gaming-katana-15-b13udxk-2412vn-i5-13420h,data/fpt/raw_htmls\msi_8.html,data/fpt/detail_htmls\msi_8_specs.html
MSI Gaming Thin 15 B13uc 2081vn I5 13420h,msi,Intel,Core I5,13420,4.6,16,DDR4,3200,512,15.6,1920x1080,144,Intel,1.86,52.4 Wh 120 W,20590000,https://www.fptshop.com.vn/may-tinh-xach-tay/msi-gaming-thin-15-b13uc-2081vn-i5-13420h,data/fpt/raw_htmls\msi_9.html,data/fpt/detail_htmls\msi_9_specs.html
MSI Gaming Katana 15 B13udxk 2411vn I7 13620h,msi,Intel,Core I7,13620,4.9,16,DDR5,5200,512,15.6,1920x1080,144,Intel,2.25,53.5 Wh 180 W,24490000,https://www.fptshop.com.vn/may-tinh-xach-tay/msi-gaming-katana-15-b13udxk-2411vn-i7-13620h,data/fpt/raw_htmls\msi_10.html,data/fpt/detail_htmls\msi_10_specs.html
MSI Venture A16 Ai A3hmg 017vn RYZEN Ai 7 350,msi,AMD,Ryzen AI 7,350,4.6,16,DDR5,5600,512,16.0,2048x1280,120,AMD,1.9,75 WHrs 90 W,29390000,https://www.fptshop.com.vn/may-tinh-xach-tay/msi-venture-a16-ai-a3hmg-017vn-ryzen-ai-7-350,data/fpt/raw_htmls\msi_11.html,data/fpt/detail_htmls\msi_11_specs.html
MSI Modern 15 F13mg 666vn I5 1334u,msi,Intel,Core I5,1334,4.6,16,DDR4,3200,512,15.6,1920x1080,60,Intel,1.7,46.8 Whr 65 W,15190000,https://www.fptshop.com.vn/may-tinh-xach-tay/msi-modern-15-f13mg-666vn-i5-1334u,data/fpt/raw_htmls\msi_13.html,data/fpt/detail_htmls\msi_13_specs.html
MSI Gaming Thin15 B13uc 2044vn I7 13620h,msi,Intel,Core I7,13620,4.9,16,DDR4,3200,512,15.6,1920x1200,144,NVIDIA,1.86,52.4 Wh 120 W,21090000,https://www.fptshop.com.vn/may-tinh-xach-tay/msi-gaming-thin15-b13uc-2044vn-i7-13620h,data/fpt/raw_htmls\msi_12.html,data/fpt/detail_htmls\msi_12_specs.html
MSI Gaming Katana 15 Hx B14wgk 023vn I7 14650hx,msi,Intel,Core I7,14650,5.2,16,DDR5,5600,1024,15.6,2560x1440,165,Intel,2.4,75 Wh 240 W,44990000,https://www.fptshop.com.vn/may-tinh-xach-tay/msi-gaming-katana-15-hx-b14wgk-023vn-i7-14650hx,data/fpt/raw_htmls\msi_14.html,data/fpt/detail_htmls\msi_14_specs.html
MSI Gaming Cyborg 15 Ai A1vek 245vn Ultra 5 135h,msi,Intel,Core Ultra 5,,1.2,16,DDR5,,512,16.0,1920x1080,144,Intel,1.98,53.5 Wh,24990000,https://www.fptshop.com.vn/may-tinh-xach-tay/msi-gaming-cyborg-15-ai-a1vek-245vn-ultra-5-135h,data/fpt/raw_htmls\msi_15.html,data/fpt/detail_htmls\msi_15_specs.html
MSI Gaming Katana 15 Hx B14wfk 294vn I9 14900hx,msi,Intel,Core I9,14900,5.8,16,DDR5,5600,512,15.6,2560x1440,165,Intel,2.4,75 Wh 240 W,40990000,https://www.fptshop.com.vn/may-tinh-xach-tay/msi-gaming-katana-15-hx-b14wfk-294vn-i9-14900hx,data/fpt/raw_htmls\msi_16.html,data/fpt/detail_htmls\msi_16_specs.html
MSI Gaming Katana 15 Hx B14wfk 267vn I7 14650hx,msi,Intel,Core I7,14650,5.2,32,DDR5,5600,512,15.6,2560x1440,165,Intel,2.4,75 Wh 240 W,40190000,https://www.fptshop.com.vn/may-tinh-xach-tay/msi-gaming-katana-15-hx-b14wfk-267vn-i7-14650hx,data/fpt/raw_htmls\msi_17.html,data/fpt/detail_htmls\msi_17_specs.html
MSI Gaming Katana 15 Hx B14wek 286vn I5 14450hx,msi,Intel,Core I5,14450,4.8,16,DDR5,5600,512,15.6,2560x1440,165,Intel,2.4,75 Wh 240 W,33690000,https://www.fptshop.com.vn/may-tinh-xach-tay/msi-gaming-katana-15-hx-b14wek-286vn-i5-14450hx,data/fpt/raw_htmls\msi_18.html,data/fpt/detail_htmls\msi_18_specs.html
MSI Gaming Katana 15 Hx B14wek 295vn I9 14900hx,msi,Intel,Core I9,14900,5.8,16,DDR5,5600,512,15.6,2560x1440,165,Intel,2.4,75 Wh 240 W,38490000,https://www.fptshop.com.vn/may-tinh-xach-tay/msi-gaming-katana-15-hx-b14wek-295vn-i9-14900hx,data/fpt/raw_htmls\msi_19.html,data/fpt/detail_htmls\msi_19_specs.html
MSI Gaming Crosshair 16 Hx D2xwgkg 034vn U7 255hx,msi,Intel,Core Ultra 7,255,5.2,16,DDR5,6400,1024,16.0,2560x1600,240,Intel,2.5,90 WHrs 240 W,49990000,https://www.fptshop.com.vn/may-tinh-xach-tay/msi-gaming-crosshair-16-hx-d2xwgkg-034vn-u7-255hx,data/fpt/raw_htmls\msi_21.html,data/fpt/detail_htmls\msi_21_specs.html
MSI Gaming Vector 16 Hx Ai A2xwig 062vn U9 275hx,msi,Intel,Ultra 9,275,5.4,16,DDR5,5600,1024,16.0,2560x1600,240,NVIDIA,2.7,90 WHrs 330 W,70590000,https://www.fptshop.com.vn/may-tinh-xach-tay/msi-gaming-vector-16-hx-ai-a2xwig-062vn-u9-275hx,data/fpt/raw_htmls\msi_22.html,data/fpt/detail_htmls\msi_22_specs.html
MSI Gaming Crosshair 16 Hx D2xwfkg 036vn U7 255hx,msi,Intel,Core Ultra 7,255,5.2,16,DDR5,6400,1024,16.0,2560x1600,240,Intel,2.5,90 WHrs 240 W,44090000,https://www.fptshop.com.vn/may-tinh-xach-tay/msi-gaming-crosshair-16-hx-d2xwfkg-036vn-u7-255hx,data/fpt/raw_htmls\msi_20.html,data/fpt/detail_htmls\msi_20_specs.html
MSI Gaming Vector 16 Hx Ai A2xwhg 010vn,msi,Intel,Ultra 7,255,5.2,16,DDR5,6400,512,16.0,2560x1600,240,NVIDIA,2.7,90 WHrs 330 W,53890000,https://www.fptshop.com.vn/may-tinh-xach-tay/msi-gaming-vector-16-hx-ai-a2xwhg-010vn,data/fpt/raw_htmls\msi_23.html,data/fpt/detail_htmls\msi_23_specs.html
DELL 15 Dc15250 I7 1355u Cph997,dell,Intel,Core I7,1355,3.7,16,DDR4,2666,1024,15.6,1920x1080,120,Intel,1.65,3 Cell,22990000,https://www.fptshop.com.vn/may-tinh-xach-tay/dell-15-dc15250-i7-1355u-cph997,data/fpt/raw_htmls\dell_2.html,data/fpt/detail_htmls\dell_2_specs.html
DELL 15 Dc15250 I5 1334u 71071928,dell,Intel,Core I5,1334,3.4,16,DDR4,2666,512,15.6,1920x1080,120,Intel,1.66,3 Cell,19590000,https://www.fptshop.com.vn/may-tinh-xach-tay/dell-15-dc15250-i5-1334u-71071928,data/fpt/raw_htmls\dell_3.html,data/fpt/detail_htmls\dell_3_specs.html
DELL Inspiron 15 3520 I5 1235u,dell,Intel,Core I5,1235,4.4,16,DDR4,2666,512,15.6,1920x1080,120,Intel,1.9,3 Cell 41 W,16690000,https://www.fptshop.com.vn/may-tinh-xach-tay/dell-inspiron-15-3520-i5-1235u,data/fpt/raw_htmls\dell_4.html,data/fpt/detail_htmls\dell_4_specs.html
DELL 15 Dc15255 R5 7530u Dc5r5802w1,dell,AMD,Ryzen 5,7530,4.5,16,DDR4,,512,15.6,1920x1080,120,AMD,1.63,,16990000,https://www.fptshop.com.vn/may-tinh-xach-tay/dell-15-dc15255-r5-7530u-dc5r5802w1,data/fpt/raw_htmls\dell_0.html,data/fpt/detail_htmls\dell_0_specs.html
DELL Latitude 3450 I5 1335u 16512w Umc,dell,Intel,Core I5,1335,4.6,16,DDR5,,512,14.0,1920x1080,60,Intel,1.5,3 Cell 65 W,19590000,https://www.fptshop.com.vn/may-tinh-xach-tay/dell-latitude-3450-i5-1335u-16512w-umc,data/fpt/raw_htmls\dell_1.html,data/fpt/detail_htmls\dell_1_specs.html
DELL 15 Dc15250 I7 1355u 71073959,dell,Intel,Core I7,1355,3.7,16,DDR4,2666,512,15.6,1920x1080,120,Intel,1.9,,21990000,https://www.fptshop.com.vn/may-tinh-xach-tay/dell-15-dc15250-i7-1355u-71073959,data/fpt/raw_htmls\dell_5.html,data/fpt/detail_htmls\dell_5_specs.html
DELL Latitude 3450 I7 1355u 16512w,dell,Intel,Core I7,1355,4.6,16,DDR5,5200,512,14.0,1920x1080,60,Intel,1.5,3 Cell 65 W,25990000,https://www.fptshop.com.vn/may-tinh-xach-tay/dell-latitude-3450-i7-1355u-16512w,data/fpt/raw_htmls\dell_9.html,data/fpt/detail_htmls\dell_9_specs.html
DELL Inspiron 15 3530 I5 1334un5i5530w1,dell,Intel,Core I5,1334,4.6,16,DDR4,2666,512,15.6,1920x1080,120,Intel,1.66,3 Cell 65 W,19590000,https://www.fptshop.com.vn/may-tinh-xach-tay/dell-inspiron-15-3530-i5-1334un5i5530w1,data/fpt/raw_htmls\dell_6.html,data/fpt/detail_htmls\dell_6_specs.html
DELL Inspiron 15 3530 I7 1355u P16wd,dell,Intel,Core I7,1355,5.0,16,DDR4,,1024,15.6,1920x1080,120,Intel,1.716,4 Cell,22990000,https://www.fptshop.com.vn/may-tinh-xach-tay/dell-inspiron-15-3530-i7-1355u-p16wd,data/fpt/raw_htmls\dell_7.html,data/fpt/detail_htmls\dell_7_specs.html
DELL Inspiron 15 3530 I5 1334u I5u165w11slu,dell,Intel,Core I5,1334,4.6,16,DDR4,,512,15.6,1920x1200,120,Intel,1.66,,19590000,https://www.fptshop.com.vn/may-tinh-xach-tay/dell-inspiron-15-3530-i5-1334u-i5u165w11slu,data/fpt/raw_htmls\dell_8.html,data/fpt/detail_htmls\dell_8_specs.html
DELL Inspiron 15 3530 71053721,dell,Intel,Core I7,1355,5.0,16,DDR4,2666,512,15.6,1920x1080,60,Intel,1.66,4 Cell 54,21990000,https://www.fptshop.com.vn/may-tinh-xach-tay/dell-inspiron-15-3530-71053721,data/fpt/raw_htmls\dell_10.html,data/fpt/detail_htmls\dell_10_specs.html
DELL Inspiron 14 5441 X1p 64 100 5mnk1,dell,Qualcomm,Oryon,1,3.4,16,DDR5,,512,14.0,1920x1200,60,,1.53,3 Cell,29390000,https://www.fptshop.com.vn/may-tinh-xach-tay/dell-inspiron-14-5441-x1p-64-100-5mnk1,data/fpt/raw_htmls\dell_13.html,data/fpt/detail_htmls\dell_13_specs.html
DELL 15 Dc15250 I5 1334u Cph99,dell,Intel,Core I5,1334,3.4,16,DDR4,2666,512,15.6,1920x1080,120,Intel,1.66,3 Cell,19590000,https://www.fptshop.com.vn/may-tinh-xach-tay/dell-15-dc15250-i5-1334u-cph99,data/fpt/raw_htmls\dell_11.html,data/fpt/detail_htmls\dell_11_specs.html
DELL 15 Dc15255 R7 7730u X9ym41,dell,AMD,Ryzen 7,7730,4.5,16,DDR4,3200,1024,15.6,1920x1080,120,AMD,1.9,3 Cell,19990000,https://www.fptshop.com.vn/may-tinh-xach-tay/dell-15-dc15255-r7-7730u-x9ym41,data/fpt/raw_htmls\dell_14.html,data/fpt/detail_htmls\dell_14_specs.html
DELL Inspiron 15 3520 I5 1235u 71071952,dell,Intel,Core I5,1235,4.4,16,DDR4,,512,15.6,1920x1080,120,Intel,1.9,,16690000,https://www.fptshop.com.vn/may-tinh-xach-tay/dell-inspiron-15-3520-i5-1235u-71071952,data/fpt/raw_htmls\dell_12.html,data/fpt/detail_htmls\dell_12_specs.html
DELL Inspiron 15 N3530 I7 1355u N5i7305w1,dell,Intel,Core I7,1355,5.0,16,DDR4,,512,15.6,1920x1200,120,Intel,1.67,4 Cell,21990000,https://www.fptshop.com.vn/may-tinh-xach-tay/dell-inspiron-15-n3530-i7-1355u-n5i7305w1,data/fpt/raw_htmls\dell_15.html,data/fpt/detail_htmls\dell_15_specs.html
DELL Inspiron 15 3520 I5 1235u U165w11slu,dell,Intel,Core I5,1235,,16,DDR4,2666,512,15.6,1920x1200,120,Intel,1.9,3 Cell,16690000,https://www.fptshop.com.vn/may-tinh-xach-tay/dell-inspiron-15-3520-i5-1235u-u165w11slu,data/fpt/raw_htmls\dell_16.html,data/fpt/detail_htmls\dell_16_specs.html
DELL Inspiron 15 3530 I7 1355un3530 I7u161w11slu Bl,dell,Intel,Core I7,1355,5.0,16,DDR4,2666,512,15.6,1920x1080,120,Intel,1.66,4 Cell 54 W,21990000,https://www.fptshop.com.vn/may-tinh-xach-tay/dell-inspiron-15-3530-i7-1355un3530-i7u161w11slu-bl,data/fpt/raw_htmls\dell_17.html,data/fpt/detail_htmls\dell_17_specs.html
DELL Inspiron 15 3520 I5 1235u 71061229,dell,Intel,Core I5,1235,4.4,16,DDR4,2666,512,15.6,1920x1080,120,Intel,1.9,3 Cell 41 W,16690000,https://www.fptshop.com.vn/may-tinh-xach-tay/dell-inspiron-15-3520-i5-1235u-71061229,data/fpt/raw_htmls\dell_18.html,data/fpt/detail_htmls\dell_18_specs.html
DELL Inspiron N3520 I5 1235u I5 1235ui5u165w11blu Fp,dell,Intel,Core I5,1235,5.5,16,DDR4,,512,15.6,1920x1200,120,Intel,1.66,3 Cell,16690000,https://www.fptshop.com.vn/may-tinh-xach-tay/dell-inspiron-n3520-i5-1235u-i5-1235ui5u165w11blu-fp,data/fpt/raw_htmls\dell_19.html,data/fpt/detail_htmls\dell_19_specs.html
DELL Inspiron 15 3520 I5 1235u I5u165w11blu Fp,dell,Intel,Core I5,1235,5.5,16,DDR4,,512,15.6,1920x1200,120,Intel,1.66,4 Cell,16690000,https://www.fptshop.com.vn/may-tinh-xach-tay/dell-inspiron-15-3520-i5-1235u-i5u165w11blu-fp,data/fpt/raw_htmls\dell_20.html,data/fpt/detail_htmls\dell_20_specs.html
DELL Inspiron 15 3520 I5 1235u 8d10nk,dell,Intel,Core I5,1235,4.4,16,DDR4,,512,15.6,1920x1080,120,Intel,1.643,3 Cell,16690000,https://www.fptshop.com.vn/may-tinh-xach-tay/dell-inspiron-15-3520-i5-1235u-8d10nk,data/fpt/raw_htmls\dell_23.html,data/fpt/detail_htmls\dell_23_specs.html
DELL Xps 13 9350 Ultra7 258 Vpp9h1,dell,Intel,Core Ultra 7,258,4.8,32,DDR5,,1024,13.4,2560x1600,120,Intel,1.21,3 Cell,68990000,https://www.fptshop.com.vn/may-tinh-xach-tay/dell-xps-13-9350-ultra7-258-vpp9h1,data/fpt/raw_htmls\dell_21.html,data/fpt/detail_htmls\dell_21_specs.html
DELL Xps 13 9350 Ultra 5 226v 71058714,dell,Intel,Core 5,226,2.1,16,DDR5,,1024,13.4,2560x1600,120,Intel,1.19,,60990000,https://www.fptshop.com.vn/may-tinh-xach-tay/dell-xps-13-9350-ultra-5-226v-71058714,data/fpt/raw_htmls\dell_22.html,data/fpt/detail_htmls\dell_22_specs.html
Lg Grambook 15u50t Gav56a5 I5 1334u,lg,Intel,Core I5,1334,3.4,16,DDR4,,512,15.6,1920x1080,60,Intel,1.7,,15990000,https://www.fptshop.com.vn/may-tinh-xach-tay/lg-grambook-15u50t-gav56a5-i5-1334u,data/fpt/raw_htmls\lg_0.html,data/fpt/detail_htmls\lg_0_specs.html
MACBOOK Air M2 13 2024 8cpu 8gpu 16gb 256gb,macbook,Apple,M2,8,2.3,16,LPDDR4,,256,13.6,2560x1644,60,,1.24,22 Giờ,24490000,https://www.fptshop.com.vn/may-tinh-xach-tay/macbook-air-m2-13-2024-8cpu-8gpu-16gb-256gb,data/fpt/raw_htmls\macbook_2.html,data/fpt/detail_htmls\macbook_2_specs.html
MACBOOK Pro 14 M5 2025 10cpu 10gpu 16gb 512gb,macbook,Apple,M5,10,,16,,,512,14.2,3024x1964,120,Apple,1.55,72.4 Wh,41990000,https://www.fptshop.com.vn/may-tinh-xach-tay/macbook-pro-14-m5-2025-10cpu-10gpu-16gb-512gb,data/fpt/raw_htmls\macbook_4.html,data/fpt/detail_htmls\macbook_4_specs.html
MACBOOK Air 13 M4 2025 10cpu 10gpu 16gb 512gb,macbook,Apple,M4,10,,16,,,512,13.6,2560x1644,60,,1.24,,31390000,https://www.fptshop.com.vn/may-tinh-xach-tay/macbook-air-13-m4-2025-10cpu-10gpu-16gb-512gb,data/fpt/raw_htmls\macbook_3.html,data/fpt/detail_htmls\macbook_3_specs.html
MACBOOK Pro M4 Pro 14 2024 12cpu 16gpu 24gb 512gb,macbook,Apple,M4 Pro,14,2.3,24,,,512,14.2,3024x1964,120,Apple,1.61,,51990000,https://www.fptshop.com.vn/may-tinh-xach-tay/macbook-pro-m4-pro-14-2024-12cpu-16gpu-24gb-512gb,data/fpt/raw_htmls\macbook_1.html,data/fpt/detail_htmls\macbook_1_specs.html
MACBOOK Air 13 M4 2025 10cpu 8gpu 16gb 256gb,macbook,Apple,M4,10,,16,,,256,13.6,2560x1644,60,,1.24,,26490000,https://www.fptshop.com.vn/may-tinh-xach-tay/macbook-air-13-m4-2025-10cpu-8gpu-16gb-256gb,data/fpt/raw_htmls\macbook_0.html,data/fpt/detail_htmls\macbook_0_specs.html
MACBOOK Air 15 M4 2025 10cpu 10gpu 16gb 256gb,macbook,Apple,M4,10,,16,,,256,15.3,2880x1864,60,,1.51,,31390000,https://www.fptshop.com.vn/may-tinh-xach-tay/macbook-air-15-m4-2025-10cpu-10gpu-16gb-256gb,data/fpt/raw_htmls\macbook_5.html,data/fpt/detail_htmls\macbook_5_specs.html
MACBOOK Air 15 M4 2025 10cpu 10gpu 24gb 512gb,macbook,Apple,M4,10,,24,,,512,15.3,2880x1864,60,,1.51,,41190000,https://www.fptshop.com.vn/may-tinh-xach-tay/macbook-air-15-m4-2025-10cpu-10gpu-24gb-512gb,data/fpt/raw_htmls\macbook_7.html,data/fpt/detail_htmls\macbook_7_specs.html
MACBOOK Air 15 M4 2025 10cpu 10gpu 16gb 512gb,macbook,Apple,M4,10,,16,,,512,15.3,2880x1864,60,,1.51,,36290000,https://www.fptshop.com.vn/may-tinh-xach-tay/macbook-air-15-m4-2025-10cpu-10gpu-16gb-512gb,data/fpt/raw_htmls\macbook_9.html,data/fpt/detail_htmls\macbook_9_specs.html
MACBOOK Air 13 M4 2025 10cpu 10gpu 24gb 512gb,macbook,Apple,M4,10,,24,,,512,13.6,2560x1644,60,Apple,1.24,,36290000,https://www.fptshop.com.vn/may-tinh-xach-tay/macbook-air-13-m4-2025-10cpu-10gpu-24gb-512gb,data/fpt/raw_htmls\macbook_6.html,data/fpt/detail_htmls\macbook_6_specs.html
MACBOOK Pro M4 Pro 16 2024 14cpu 20gpu 24gb 512gb,macbook,Apple,M4 Pro,14,,24,,,512,16.2,3456x2234,120,Apple,2.14,22 Giờ,66990000,https://www.fptshop.com.vn/may-tinh-xach-tay/macbook-pro-m4-pro-16-2024-14cpu-20gpu-24gb-512gb,data/fpt/raw_htmls\macbook_8.html,data/fpt/detail_htmls\macbook_8_specs.html
MACBOOK Pro M4 Pro 14 2024 14cpu 20gpu 24gb 1tb,macbook,Apple,M4 Pro,14,2.3,24,,,1024,14.2,3024x1964,120,Apple,1.61,,61790000,https://www.fptshop.com.vn/may-tinh-xach-tay/macbook-pro-m4-pro-14-2024-14cpu-20gpu-24gb-1tb,data/fpt/raw_htmls\macbook_10.html,data/fpt/detail_htmls\macbook_10_specs.html
MACBOOK Pro 14 2023 M3 Pro 12 Cpu 18 Gpu 18gb 1tb,macbook,Apple,M3 Pro,12,2.3,18,,,1024,14.2,3024x1964,120,Apple,1.61,22 Giờ,59990000,https://www.fptshop.com.vn/may-tinh-xach-tay/macbook-pro-14-2023-m3-pro-12-cpu-18-gpu-18gb-1tb,data/fpt/raw_htmls\macbook_12.html,data/fpt/detail_htmls\macbook_12_specs.html
MACBOOK Pro M4 Pro 16 2024 14cpu 20gpu 48gb 512gb,macbook,Apple,M4 Pro,14,,48,,,512,16.2,3456x2234,120,Apple,2.14,22 Giờ,76790000,https://www.fptshop.com.vn/may-tinh-xach-tay/macbook-pro-m4-pro-16-2024-14cpu-20gpu-48gb-512gb,data/fpt/raw_htmls\macbook_14.html,data/fpt/detail_htmls\macbook_14_specs.html
MACBOOK Air M2 2023 15 Inch,macbook,Apple,M2,8,,8,,,512,15.3,2960x1848,60,Apple,1.51,18 Giờ,32890000,https://www.fptshop.com.vn/may-tinh-xach-tay/macbook-air-m2-2023-15-inch,data/fpt/raw_htmls\macbook_11.html,data/fpt/detail_htmls\macbook_11_specs.html
MACBOOK Air 15 M2 2023 8cpu 10gpu 8gb 512gb Sac 70w,macbook,Apple,M2,8,,8,,,512,15.3,2960x1848,60,Apple,1.51,18 Giờ,37890000,https://www.fptshop.com.vn/may-tinh-xach-tay/macbook-air-15-m2-2023-8cpu-10gpu-8gb-512gb-sac-70w,data/fpt/raw_htmls\macbook_13.html,data/fpt/detail_htmls\macbook_13_specs.html
MACBOOK Pro 14 M5 2025 10cpu 10gpu 16gb 1tb,macbook,Apple,M5,10,,16,,,1024,14.2,3024x1964,120,Apple,1.55,72.4 Wh,46890000,https://www.fptshop.com.vn/may-tinh-xach-tay/macbook-pro-14-m5-2025-10cpu-10gpu-16gb-1tb,data/fpt/raw_htmls\macbook_16.html,data/fpt/detail_htmls\macbook_16_specs.html
MACBOOK Pro 14 M5 2025 10cpu 10gpu 24gb 1tb,macbook,Apple,M5,10,,24,,,1024,14.2,3024x1964,120,Apple,1.55,72.4 Wh,51790000,https://www.fptshop.com.vn/may-tinh-xach-tay/macbook-pro-14-m5-2025-10cpu-10gpu-24gb-1tb,data/fpt/raw_htmls\macbook_15.html,data/fpt/detail_htmls\macbook_15_specs.html
MACBOOK Air M3 13 2024 8cpu 8gpu 16gb 256gb,macbook,Apple,M3,8,,16,LPDDR4,,256,13.6,2560x1644,60,,1.24,,27990000,https://www.fptshop.com.vn/may-tinh-xach-tay/macbook-air-m3-13-2024-8cpu-8gpu-16gb-256gb,data/fpt/raw_htmls\macbook_17.html,data/fpt/detail_htmls\macbook_17_specs.html
MACBOOK Pro M4 Max 16 2024 16cpu 40gpu 48gb 1tb,macbook,Apple,M4 Max,16,,48,,,1024,16.2,3456x2234,120,Apple,2.14,22 Giờ,103690000,https://www.fptshop.com.vn/may-tinh-xach-tay/macbook-pro-m4-max-16-2024-16cpu-40gpu-48gb-1tb,data/fpt/raw_htmls\macbook_18.html,data/fpt/detail_htmls\macbook_18_specs.html
MACBOOK Pro 14 M5 2025 10cpu 10gpu 24gb 512gb,macbook,Apple,M5,10,,24,,,512,14.2,3024x1964,120,Apple,1.55,72.4 Wh,46890000,https://www.fptshop.com.vn/may-tinh-xach-tay/macbook-pro-14-m5-2025-10cpu-10gpu-24gb-512gb,data/fpt/raw_htmls\macbook_19.html,data/fpt/detail_htmls\macbook_19_specs.html
MACBOOK Pro 14 M5 2025 10cpu 10gpu 24gb 1tb Nano,macbook,Apple,M5,10,,24,,,1024,14.2,3024x1964,120,Apple,1.55,72.4 Wh,55390000,https://www.fptshop.com.vn/may-tinh-xach-tay/macbook-pro-14-m5-2025-10cpu-10gpu-24gb-1tb-nano,data/fpt/raw_htmls\macbook_20.html,data/fpt/detail_htmls\macbook_20_specs.html
MACBOOK Pro 14 M5 2025 10cpu 10gpu 16gb 512gb Nano,macbook,Apple,M5,10,,16,,,512,14.2,3024x1964,120,Apple,1.55,72.4 Wh,45590000,https://www.fptshop.com.vn/may-tinh-xach-tay/macbook-pro-14-m5-2025-10cpu-10gpu-16gb-512gb-nano,data/fpt/raw_htmls\macbook_21.html,data/fpt/detail_htmls\macbook_21_specs.html
MACBOOK Pro 14 M5 2025 10cpu 10gpu 16gb 1tb Nano,macbook,Apple,M5,10,,16,,,1024,14.2,3024x1964,120,Apple,1.55,72.4 Wh,50490000,https://www.fptshop.com.vn/may-tinh-xach-tay/macbook-pro-14-m5-2025-10cpu-10gpu-16gb-1tb-nano,data/fpt/raw_htmls\macbook_22.html,data/fpt/detail_htmls\macbook_22_specs.html
Colorful Rimbook L1 I3 1220p Ca30016512c S E1ad,colorful,Intel,Core I3,1220,4.4,16,DDR4,3200,512,15.6,1920x1080,60,Intel,1.78,3 Cell 50 W,11290000,https://www.fptshop.com.vn/may-tinh-xach-tay/colorful-rimbook-l1-i3-1220p-ca30016512c-s-e1ad,data/fpt/raw_htmls\colorful_1.html,data/fpt/detail_htmls\colorful_1_specs.html
Colorful Rimbook L1 I5 12450h Ce50016512c G E1ac,colorful,Intel,Core I5,12450,4.4,16,DDR4,3200,512,15.6,1920x1080,60,Intel,1.78,3 Cell 50 W,14290000,https://www.fptshop.com.vn/may-tinh-xach-tay/colorful-rimbook-l1-i5-12450h-ce50016512c-g-e1ac,data/fpt/raw_htmls\colorful_2.html,data/fpt/detail_htmls\colorful_2_specs.html
Colorful Rimbook L1 I3 1220p Ca30016512c G E1ac,colorful,Intel,Core I3,1220,4.4,16,DDR4,,512,15.6,1920x1080,60,Intel,1.78,3 Cell 50 W,11290000,https://www.fptshop.com.vn/may-tinh-xach-tay/colorful-rimbook-l1-i3-1220p-ca30016512c-g-e1ac,data/fpt/raw_htmls\colorful_0.html,data/fpt/detail_htmls\colorful_0_specs.html
GIGABYTE Gaming G6x 9mg I7 13650hx 9rc6l9kghsiix1vn000,gigabyte,Intel,Core I7,13650,4.9,16,DDR5,4800,512,16.0,1920x1200,165,Intel,2.527,73 Wh 180 W,31210000,https://www.fptshop.com.vn/may-tinh-xach-tay/gigabyte-gaming-g6x-9mg-i7-13650hx-9rc6l9kghsiix1vn000,data/fpt/raw_htmls\gigabyte_0.html,data/fpt/detail_htmls\gigabyte_0_specs.html
GIGABYTE Gaming A16 Cwhi3vn864sh I7 13620h,gigabyte,Intel,Core I7,13620,4.9,32,DDR5,5200,1024,16.0,1920x1200,165,Intel,2.24,4 Cell 150 W,42590000,https://www.fptshop.com.vn/may-tinh-xach-tay/gigabyte-gaming-a16-cwhi3vn864sh-i7-13620h,data/fpt/raw_htmls\gigabyte_3.html,data/fpt/detail_htmls\gigabyte_3_specs.html
GIGABYTE Gaming G6x 9mg I7 13650hx 9rc6l9mghsiix1vn000,gigabyte,Intel,Core I7,13650,4.9,16,DDR5,4800,512,16.0,1920x1200,165,Intel,2.531,73 Wh 180 W,29790000,https://www.fptshop.com.vn/may-tinh-xach-tay/gigabyte-gaming-g6x-9mg-i7-13650hx-9rc6l9mghsiix1vn000,data/fpt/raw_htmls\gigabyte_1.html,data/fpt/detail_htmls\gigabyte_1_specs.html
GIGABYTE Gaming G6x 9mg I7 13650hx 9rc6l9mghsjix1vn000,gigabyte,Intel,Core I7,13650,4.9,16,DDR5,4800,512,16.0,1920x1200,165,Intel,2.535,73 Wh 180 W,30720000,https://www.fptshop.com.vn/may-tinh-xach-tay/gigabyte-gaming-g6x-9mg-i7-13650hx-9rc6l9mghsjix1vn000,data/fpt/raw_htmls\gigabyte_2.html,data/fpt/detail_htmls\gigabyte_2_specs.html
GIGABYTE Gaming G6x 9kg I7 13650hx 9rc6l9kghsjix1vn000,gigabyte,Intel,Core I7,13650,4.9,16,DDR5,4800,1024,16.0,1920x1200,165,Intel,2.533,73 Wh 180 W,32190000,https://www.fptshop.com.vn/may-tinh-xach-tay/gigabyte-gaming-g6x-9kg-i7-13650hx-9rc6l9kghsjix1vn000,data/fpt/raw_htmls\gigabyte_4.html,data/fpt/detail_htmls\gigabyte_4_specs.html
GIGABYTE Gaming A16 Cmhh2vn893sh I5 13420h,gigabyte,Intel,Core I5,13420,4.6,16,DDR5,5200,512,16.0,1920x1200,165,NVIDIA,2.2,76 Wh 150 W,24490000,https://www.fptshop.com.vn/may-tinh-xach-tay/gigabyte-gaming-a16-cmhh2vn893sh-i5-13420h,data/fpt/raw_htmls\gigabyte_7.html,data/fpt/detail_htmls\gigabyte_7_specs.html
GIGABYTE Gaming A16 Cmhi2vn893sh I7 13620h,gigabyte,Intel,Core I7,13620,4.9,16,DDR5,5200,512,16.0,1920x1200,165,NVIDIA,2.2,76 Wh 150 W,26790000,https://www.fptshop.com.vn/may-tinh-xach-tay/gigabyte-gaming-a16-cmhi2vn893sh-i7-13620h,data/fpt/raw_htmls\gigabyte_5.html,data/fpt/detail_htmls\gigabyte_5_specs.html
GIGABYTE Gaming A16 Cvhi3vnc93sh I7 13620h,gigabyte,Intel,Core I7,13620,4.9,16,DDR5,5200,512,16.0,2560x1600,165,Intel,2.27,4 Cell 150 W,35590000,https://www.fptshop.com.vn/may-tinh-xach-tay/gigabyte-gaming-a16-cvhi3vnc93sh-i7-13620h,data/fpt/raw_htmls\gigabyte_6.html,data/fpt/detail_htmls\gigabyte_6_specs.html
GIGABYTE Gaming A16 Cmhi2vn894sh I7 13620h,gigabyte,Intel,Core I7,13620,4.9,16,DDR5,5200,1024,16.0,1920x1200,165,Intel,2.23,4 Cell 150 W,27780000,https://www.fptshop.com.vn/may-tinh-xach-tay/gigabyte-gaming-a16-cmhi2vn894sh-i7-13620h,data/fpt/raw_htmls\gigabyte_8.html,data/fpt/detail_htmls\gigabyte_8_specs.html
