Product Name,Manufacturer,CPU manufacturer,CPU brand modifier,CPU generation,CPU Speed (GHz),RAM (GB),RAM Type,Bus (MHz),Storage (GB),Screen Size (inch),Screen Resolution,Refresh Rate (Hz),GPU manufacturer,Weight (kg),Battery,Price (VND)
HP 245 G10 B8pf8at,hp,AMD,Ryzen 5,7,4.5,16,DDR4,3200,256,14.0,1920 x 1080,,AMD,1.36,"HP Long Life 3-cell, 41 Wh Li-ion",15590000
HP Victus 15 Fa2731tx B85lnpa,hp,Intel,I5,51,4.6,16,DDR4,3200,512,15.6,1920 x 1080,144,NVIDIA,2.185,3 Cell Int (52.5Wh),24045000
HP 14 Ep0112tu 8c5l1pa,hp,Intel,I5,13,4.6,16,DDR4,3200,512,14.0,1920 x 1080,,Intel,1.46,"3-cell, 41 Wh Li-ion",19590000
HP 15 Fc0086au A6vv9pa,hp,AMD,Ryzen 5,7,4.3,16,DDR4,3200,512,15.6,1920 x 1080,,AMD,1.59,"3-cell, 41 Wh Li-ion polymer",15190000
HP Victus 15 Fb3116ax Bx8u4pa,hp,AMD,Ryzen 7,7,4.7,16,DDR5,5600,512,15.6,1920 x 1080,144,NVIDIA,2.29,"3-cell, 52.5 Wh Li-ion polymer",25990000
HP Pavilion 15 Eg3095tu 8c5l6pa 16gb,hp,Intel,I5,13,1.3,16,DDR4,3200,512,15.6,1920 x 1080,60,Intel,1.74,"3-cell Li-ion, 41 Wh",19990000
HP 245 G10 Bg5u8pt,hp,AMD,Ryzen 7,7,5.0,16,DDR4,3200,512,14.0,1920 x 1080,,AMD,1.36,"HP Long Life 3-cell, 41 Wh Li-ion",19990000
HP Pavilion 15 Eg3094tu 8c5l5pa 16gb,hp,Intel,I5,13,1.3,16,DDR4,3200,512,15.6,1920 x 1080,60,Intel,1.74,"3-cell Li-ion, 41 Wh",19990000
HP 14 Ep0220tu B73vwpa 16gb,hp,Intel,I3,31,4.5,16,DDR4,3200,512,14.0,1920 x 1080,,Intel,1.4,"3-cell, 41 Wh Li-ion polymer Bộ đổi nguồn AC thông minh 45 W",13490000
HP 15 Fd0305tu A2nl6pa,hp,Intel,I3,31,5.0,16,DDR4,3200,256,15.6,1920 x 1080,,Intel,1.59,"Pin Li-ion polymer 3 cell, công suất 41 Wh",12490000
HP 15 Fd0306tu A2nl7pa,hp,Intel,I3,31,1.2,8,DDR4,3200,256,15.6,1920 x 1080,60,Intel,1.59,"3-cell, 41 Wh Li-ion",12490000
HP Envy X360 14 Fa0045au A19bmpa,hp,AMD,Ryzen 7,8,5.1,32,DDR5,6400,1024,14.0,2880 x 1800,60,AMD,1.39,"3-cell, 59 Wh Li-ion polymer",35090000
HP 14 Ep0220tu B73vwpa,hp,Intel,I3,31,4.5,8,DDR4,3200,512,14.0,1920 x 1080,,Intel,1.4,"3-cell, 41 Wh Li-ion polymer Bộ đổi nguồn AC thông minh 45 W",13490000
HP Pavilion 15 Eg3112tu 8u6l9pa,hp,Intel,I7,13,5.0,16,DDR4,3200,512,15.6,1920 x 1080,,Intel,1.69,3-cell,25290000
HP 14 Dq2055wm 39k15ua,hp,Intel,I3,31,,4,DDR4,2666,256,14.0,1920 x 1080,,Intel,1.46,"3-cell, 41 Wh Li-ion",13990000
HP 15 Fd0237tu,hp,Intel,I5,51,4.6,16,DDR4,3200,512,15.6,1920 x 1080,,Intel,1.59,"3-cell, 41 Wh Li-ion polymer",18390000
HP 250 G9 Ag2k7at,hp,Intel,I5,51,4.4,16,DDR4,3200,512,15.6,1920 x 1080,,Intel,1.696,3 Cell Int (41.04Wh),19190000
HP Envy X360 2in1 14 Fc0086tu A19bwpa,hp,Intel,,,80.0,32,DDR5,6400,512,14.0,2880 x 1800,120,Intel,1.384,3 Cell Int (59.16Wh),35290000
HP Victus 16 S0143ax 9q990pa,hp,AMD,Ryzen 5,7,5.0,32,DDR5,5600,512,16.1,1920 x 1080,144,NVIDIA,2.33,"4-cell, 70 Wh Li-ion polymer",31490000
HP Envy X360 14 Fa0096au Ay8u6pa,hp,AMD,Ryzen 5,8,9.0,16,DDR5,6400,1024,14.0,2880 x 1800,120,AMD,1.39,"Li-ion polymer 3 lõi, 59 Wh Bộ chuyển đổi nguồn điện 65 W USB Type-C Hỗ trợ sạc pin nhanh: khoảng 50% trong 30 phút",30390000
HP 15 Fd0083tu 8d736pa,hp,Intel,I7,71,0.0,16,DDR4,3200,512,15.6,1920 x 1080,,Intel,1.59,"3-cell, 41 Wh Li-ion polymer Bộ đổi nguồn AC thông minh 45 W",22490000
HP Pavilion 15 Eg3093tu 8c5l4pa,hp,Intel,I5,13,1.3,16,DDR4,3200,512,15.6,1920 x 1080,60,Intel,1.69,"3-cell Li-ion, 41 Wh",21290000
HP 240 G9 Ag2j7at,hp,Intel,I5,51,4.4,16,DDR4,3200,512,14.0,1920 x 1080,,Intel,1.42,3 Cell Int (41.04Wh),19790000
HP 15 Fd1063tu 9z2y1pa,hp,Intel,,,5.0,16,DDR5,5600,512,15.6,1920 x 1080,,Intel,1.65,"3-cell, 41 Wh Li-ion polymer Hỗ trợ sạc pin nhanh: khoảng 50% trong 45 phút",20990000
HP Pavilion 15 Eg3111tu 8u6l8pa,hp,Intel,I5,51,4.6,16,DDR4,3200,512,15.6,1920 x 1080,,Intel,1.6,"3-cell, 41 Wh Li-ion",21290000
HP Gaming Omen 16 Am0129tx Bx9d1pa,hp,Intel,,,5.1,32,DDR5,5600,512,16.0,1920 x 1200,165,NVIDIA,2.43,"6-cell, 83 Wh Li-ion polymer",48890000
HP Gaming Omen 16 Am0176tx Bx9d3pa,hp,Intel,,,5.1,16,DDR5,5600,512,16.0,1920 x 1200,165,NVIDIA,2.43,"6-cell, 83 Wh Li-ion polymer",43890000
HP Victus 16 R0376tx Ay8z2pa,hp,Intel,I7,71,5.0,16,DDR5,4800,512,16.1,1920 x 1080,165,NVIDIA,2.31,"4-cell, 70 Wh Li-ion polymer Bộ đổi nguồn AC thông minh 200 W Hỗ trợ sạc pin nhanh: khoảng 50% trong 30 phút",32690000
HP Victus 16 R0374tx Ay8y7pa,hp,Intel,I5,51,4.7,16,DDR5,4800,512,16.1,1920 x 1080,165,NVIDIA,2.334,4 Cell Int (70.07Wh),30990000
HP Pavilion X360 14 Ek2017tu 9z2v5pa,hp,Intel,,,5.0,16,DDR4,3200,512,14.0,1920 x 1080,,,1.4,3 Cell Int (43.3Wh),24990000
HP Gaming Victus 16 S0173ax A9lg9pa,hp,AMD,Ryzen 5,7,5.0,16,DDR5,5600,512,16.1,1920 x 1080,144,NVIDIA,2.31,"4-cell, 70 Wh Li-ion polymer",27390000
HP 15 Fd0235tu 9q970pa,hp,Intel,I5,51,4.6,16,DDR4,3200,512,15.6,1920 x 1080,,Intel,1.59,"Pin Li-ion polymer 3 cell, công suất 41 Wh Bộ chuyển đổi nguồn điện AC thông minh 45 W Hỗ trợ sạc pin nhanh: khoảng 50% trong 45 phút",19190000
HP Victus 15 Fa1139tx 8y6w3pa,hp,Intel,I5,51,4.4,16,DDR4,3200,512,15.6,1920 x 1080,144,NVIDIA,2.22,3 Cell Int (52.5Wh),24590000
HP 15s Fq5231tu 8u241pa,hp,,I3,,1.2,8,DDR4,3200,256,15.6,1080 x 1920,,Intel,2.0,3 cell,11990000
HP Victus 16 S0136ax 9q984pa,hp,AMD,Ryzen 5,7,0.0,32,DDR5,5600,512,16.1,1920 x 1080,144,NVIDIA,2.31,"4 cell, 70 Wh Li-ion polime Bộ chuyển đổi nguồn điện AC thông minh 200 W Hỗ trợ sạc pin nhanh: khoảng 50% trong 30 phút Thời lượng pin Lên đến 7 tiếng 45 phút",28990000
HP Elitebook 840 G3,hp,Intel,I5,63,2.4,8,DDR4,2133,256,14.0,1920 x 1080,,Intel,1.6,6-cell Lithium ion,
HP Victus 16 D0293tx 5z9r4pa,hp,Intel,I5,51,2.7,8,DDR4,3200,512,16.1,1920 x 1080,,NVIDIA,2.25,"4-cell, 70 Whrs",27890000
HP Elitebook 840 G8,hp,Intel,I7,11,,16,DDR4,,512,14.0,1920 x 1080,,Intel,1.33,53 Wh Lithium-Polymer,
HP Probook 450 G9,hp,Intel,I5,12,,8,DDR4,3200,512,15.6,1920 x 1080,60,Intel,1.74,"3-cell Li-ion, 51 Wh",
HP Pavilion 15 Eg2037tx 6k783pa,hp,Intel,I5,51,,8,DDR4,3200,256,15.6,1920 x 1080,,NVIDIA,1.74,"3-cell, 41 Wh Li-ion",16300000
HP Probook 440 G9,hp,Intel,I5,12,,8,DDR4,3200,512,14.0,1920 x 1080,,Intel,1.38,"51 Wh, 65 W",
HP Envy X360 2in1 14 Fc0088tu A19bypa,hp,Intel,,,4.8,16,DDR5,6400,1024,14.0,2880 x 1800,120,Intel,1.39,"Li-ion polymer 3 lõi, 59 Wh",
HP Probook 450 G3,hp,Intel,I5,62,2.3,4,DDR3,1600,500,15.6,1366 x 768,,Intel,2.11,44 WHr Li-ion 4-cell,
HP Probook 6570b,hp,Intel,I3,33,2.4,4,DDR3,1600,320,15.6,1366 x 768,,Intel,2.51,6-cells 55 Wh,
HP Elitebook 820 G3,hp,Intel,I5,62,2.4,8,DDR3,2133,256,12.5,1366 x 768,,Intel,1.28,,
HP Gaming Victus 16 E1104ax 7c0s9pa,hp,AMD,Ryzen 7,6,3.2,8,DDR5,4800,512,16.1,1920 x 1080,,NVIDIA,2.4,70Wh,
HP Elitebook 845 G9,hp,AMD,Ryzen 5,6,,16,DDR5,4800,256,14.0,1920 x 1200,,AMD,1.4,51Whr 3 cell,
HP Elitebook 840 G9,hp,Intel,I7,12,2.1,16,DDR5,,512,14.0,1920 x 1200,60,Intel,1.36,51 Wh 3-cell Li-ion,
HP Envy X360 13 Bf0092tu 76v59pa,hp,Intel,I7,71,4.7,8,DDR4,4266,512,13.3,2880 x 1800,,Intel,1.34,"66 Wh Li-ion, 4-cell",
HP Elitebook 8460p,hp,Intel,I5,52,2.5,8,,,250,14.0,1366 x 768,,Intel,,,
HP Elitebook 840 G6,hp,Intel,I5,83,1.6,8,DDR4,2660,256,14.0,1920 x 1080,,Intel,1.4,,
HP Probook 6560b,hp,Intel,I5,52,2.5,,DDR3,1333,120,15.6,1366 x 768,,Intel,2.5,6-cell Li-ion,
HP Gaming Victus 15 Fa018tx 7c0x0pa,hp,Intel,I7,71,4.7,16,DDR4,3200,512,15.6,1920 x 1080,,NVIDIA,2.29,"4-cell, 70 Wh",
HP Elitebook 640 G9,hp,Intel,I7,12,2.1,16,DDR4,,512,14.0,1920 x 1080,,Intel,1.38,,
HP Pavilion 15 Eg2062tx 7c0w7pa,hp,Intel,I5,51,,8,DDR4,3200,512,15.6,1920 x 1080,,NVIDIA,1.75,3 Cell 41WHrs,
HP Envy X360 2in2 2022,hp,AMD,,5,4.0,8,DDR4,3200,256,15.6,,,AMD,1.77,,
HP 15 Ay071tu X3b53pa,hp,Intel,,37,,4,DDR3,,500,15.6,1366 x 768,,Intel,2.19,4-cell Li-ion,
HP Pavilion 15 Eg2087tu 7c0q9pa,hp,Intel,I3,31,,8,DDR4,3200,256,15.6,1920 x 1080,,Intel,1.75,3Cell 41WHrs,
HP Pavilion 15 Eg2085tu 7c0q7pa,hp,Intel,I5,51,,8,DDR4,3200,256,15.6,1920 x 1080,,Intel,1.75,3Cell 41WHrs,
HP 15s Du1040tx 8re77pa,hp,Intel,I7,10,,8,DDR4,2666,512,15.6,1366 x 768,,NVIDIA,1.74,"3-cell, 41 Wh Li-ion",
HP Gaming Victus 16 D1191tx 7c0s5pa,hp,Intel,I5,12,3.3,16,DDR5,4800,512,16.1,1920 x 1080,,NVIDIA,2.4,70Wh,
HP 240 G8 518v8pa,hp,Intel,I5,11,,8,DDR4,3200,512,14.0,1920 x 1080,,Intel,1.426,3 Cell Int (41.04Wh),
HP Pavilion 15 Eg1040tu 5z9v3pa,hp,Intel,I5,51,,8,DDR4,,256,15.6,1920 x 1080,,Intel,1.74,3 Cell (41Wh),
HP 340s G7 36a43pa,hp,Intel,I5,51,,8,DDR4,3200,256,14.0,1920 x 1080,,Intel,1.351,3 Cell (41.04Wh),
HP Dragonfly G4 A9vd6pt,hp,Intel,I7,71,,32,DDR5,4800,1024,13.5,1920 x 1280,,Intel,1.229,6 Cell Int (68.4Wh),
HP Gaming Victus 16 E1102ax 7c139pa,hp,AMD,Ryzen 7,6,3.2,16,DDR5,4800,512,16.1,1920 x 1080,,NVIDIA,2.4,70Wh,
HP Envy 16 H0205tx 7c0t2pa,hp,Intel,I9,91,2.5,32,DDR5,4800,512,16.0,3840 x 2400,,NVIDIA,2.3,"6 cell 83 Wh , Pin liền",
HP Pavilion X360 14 Ek2024tu 9z2v6pa,hp,Intel,,,1.4,16,DDR4,3200,512,14.0,1920 x 1080,60,Intel,1.51,"3-cell, 43Wh, công suất bộ sạc 65 W",24990000
HP 14 Ep1011tu 9z2w3pa,hp,Intel,,,5.0,16,DDR4,3200,512,14.0,1920 x 1080,,Intel,1.398,3 Cell Int (41.04Wh),
HP Spectre X360 14 Eu0050tu A19blpa,hp,Intel,,,80.0,32,DDR5,7467,1024,14.0,2880 x 1800,120,Intel,1.465,4 Cell Int (68Wh) 65W (USB-C),
HP Gaming Victus 15 Fa0110tx 7c0r3pa,hp,Intel,I7,12,4.7,8,DDR4,3200,512,15.6,1920 x 1080,,NVIDIA,2.29,"4-cell, 70Wh Li-ion polymer",
HP Gaming Victus 16 E1105ax 7c0t0pa,hp,AMD,Ryzen 5,6,4.5,16,DDR5,4800,512,16.1,1920 x 1080,,NVIDIA,2.4,"4-cell, 70Wh Li-ion polymer",
HP Pavilion 15 Eg2065tx 7c0q3pa I5 1235u 8gb 256gb,hp,Intel,I5,51,1.3,8,DDR4,3200,256,15.6,1080 x 1920,60,NVIDIA,1.7,3 cell 41 Wh,
HP 240 G8 46j53pa,hp,Intel,I3,10,,8,DDR4,,512,14.0,1366 x 768,,Intel,1.47,3 Cell 65 W,
HP 15s Fq1107tu,hp,Intel,I3,10,,4,DDR4,,256,15.6,1366 x 768,,Intel,1.7,3 cell,
HP Probook 450 G2,hp,Intel,I5,52,2.2,4,DDR3,1600,500,15.6,1366 x 768,,Intel,,4-cell Li-Ion,
HP Probook 4540s,hp,Intel,I5,52,2.5,4,DDR3,1333,500,15.6,1366 x 768,,Intel,2.47,"6-cells, 47 Wh (Li-Ion)",
HP Pavilion X360 14 Dy0076tu 46l93pa,hp,Intel,I7,71,,8,DDR4,3200,512,14.0,1920 x 1080,,Intel,1.52,3 Cell Int (43.3Wh),
HP Pavilion 15 Eg0509tu 46m08pa,hp,Intel,I3,11,,4,DDR4,,512,15.6,1920 x 1080,,Intel,1.662,3 Cell 45 W,
HP 15s Du3591tu,hp,Intel,I5,11,,8,DDR4,,512,15.6,1366 x 768,,Intel,1.75,"3-cell Li-ion, 41 Wh",
HP 15s Fq1111tu 193r0pa,hp,Intel,I3,10,,4,DDR4,,256,15.6,1920 x 1080,,Intel,1.69,3-cell Li-ion,
HP 340s G7 224l0pa,hp,Intel,I3,31,,4,DDR4,,512,14.0,1366 x 768,,Intel,1.337,3 Cell (41.04Wh),
HP Gaming Victus 16 D1187tx 7c0s4pa,hp,Intel,I7,12,4.7,8,DDR5,4800,512,16.1,1920 x 1080,,NVIDIA,2.46,"4-cell, 70Wh Li-ion polymer",
HP 240 G9 6l1x3pa,hp,Intel,I3,31,1.2,8,DDR4,3200,,14.0,1080 x 1920,,Intel,1.5,3 cell 80 Wh,
HP Omen 16 Wf1139tx A2ns1pa,hp,Intel,I7,71,5.0,32,DDR5,5600,1024,16.1,2560 x 1440,240,NVIDIA,2.39,"6-cell, 83 Wh Li-ion polymer Bộ đổi nguồn AC thông minh 280 W Hỗ trợ sạc pin nhanh: khoảng 50% trong 30 phút",
HP Gaming Victus 16 D1193tx 7c138pa,hp,Intel,I5,51,3.3,8,DDR5,4800,512,16.1,1920 x 1080,,NVIDIA,2.4,70Wh,
HP Gaming Victus 16 E0170ax 4r0u7pa,hp,AMD,Ryzen 7,5,,8,DDR4,3200,512,16.1,1920 x 1080,,NVIDIA,2.46,"4-cell Li-ion, 70 Wh",24990000
HP Gaming Victus 15 Fb1022ax 94f19pa,hp,AMD,Ryzen 5,7,4.5,16,DDR5,4800,512,15.6,1920 x 1080,,NVIDIA,2.29,"52.5 Wh, 3 Cell",
LENOVO Loq 15irx10 83je00pevn,lenovo,Intel,I7,71,4.9,16,DDR5,4800,1024,15.6,1920 x 1080,144,NVIDIA,2.4,"60Wh, 170W Slim Tip (3-pin)",33990000
LENOVO Loq 15iax9e 83lk0079vn,lenovo,Intel,I5,51,4.4,16,DDR5,4800,1024,15.6,1920 x 1080,144,NVIDIA,1.77,57Wh 135W Slim Tip (3-pin),22090000
LENOVO Loq 15arp9 83jc00m3vn,lenovo,AMD,Ryzen 5,7,4.2,16,DDR5,4800,1024,15.6,1920 x 1080,144,NVIDIA,2.38,"60Wh, 170W Slim Tip (3-pin)",24490000
LENOVO Ideapad Slim 3 15abr8 82xm00mdvn,lenovo,AMD,Ryzen 5,5,4.3,16,DDR4,3200,1024,15.6,1920 x 1080,,AMD,1.62,47Wh (Đầu tròn 65W (3 chân)),14290000
LENOVO Ideapad Slim 3 14irh10 83k00008vn,lenovo,Intel,I5,51,4.6,16,DDR5,4800,1024,14.0,1920 x 1200,,Intel,1.43,60Wh (Đầu tròn 65W (3 chân),16990000
LENOVO Thinkpad E14 Gen 7 21t90021va,lenovo,Intel,,,5.2,16,DDR5,5600,1024,14.0,1920 x 1200,60,Intel,1.34,"48Wh, 65W USB-C (3-pin)",24890000
LENOVO Ideapad Slim 5 14q8x9 83hl005avn,lenovo,,,,3.0,16,DDR5,8448,1024,14.0,1920 x 1200,,,1.48,"57Wh, 65W USB-C Slim (Wall-mount)",20990000
LENOVO Loq 15ahp10 83jg0047vn,lenovo,AMD,Ryzen 7,2,5.1,16,DDR5,5600,1024,15.6,1920 x 1080,144,NVIDIA,2.4,"60Wh, 170W Slim Tip (3-pin)",32490000
LENOVO Legion 7 16iax10 83ky001vvn,lenovo,Intel,,,5.4,32,DDR5,5600,1024,16.0,2560 x 1600,240,NVIDIA,2.0,"84Wh, 245W Slim Tip (3-pin)",70990000
LENOVO Ideapad Slim 3 16irh10 83k20002vn,lenovo,Intel,I5,51,4.6,16,DDR5,4800,1024,16.0,1920 x 1200,60,Intel,1.73,60Wh (Đầu tròn 65W (3 chân)),16990000
LENOVO Legion 5 15irx10 83ly00hrvn,lenovo,Intel,I7,71,4.9,16,DDR5,4800,1024,15.3,1920 x 1200,165,NVIDIA,2.1,"80Wh, 245W Slim Tip (3-pin)",36990000
LENOVO Loq 15arp9 83jc00lvvn,lenovo,AMD,Ryzen 5,7,4.2,16,DDR5,4800,1024,15.6,1920 x 1080,144,NVIDIA,2.38,"60Wh, 170W Slim Tip (3-pin)",23490000
LENOVO Thinkpad L16 Gen 2 21sa000fva,lenovo,Intel,,,4.8,16,DDR5,5600,2048,16.0,1920 x 1200,60,Intel,1.79,"46.5Wh, 65W USB-C (3-pin)",24090000
LENOVO Ideapad Slim 5 14akp10 83hx001jvn RYZEN Ai 7,lenovo,AMD,,3,5.0,32,DDR5,5600,1024,14.0,1920 x 1200,,AMD,1.39,60Wh (65W USB-C Slim (Wall-mount)),27990000
LENOVO Ideapad Slim 5 15arp10 83j3002svn,lenovo,AMD,Ryzen 7,7,4.75,32,DDR5,6400,1024,15.1,2560 x 1600,165,AMD,1.49,70Wh (65W USB-C Slim (Gắn tường)),23490000
LENOVO Thinkpad E14 Gen 7 21t90022va,lenovo,Intel,,,5.2,16,DDR5,5600,1024,14.0,1920 x 1200,60,Intel,1.34,"48Wh, 65W USB-C (3-pin)",25990000
LENOVO V15 G4 Iru 83cc0041vn,lenovo,Intel,I5,51,4.6,16,DDR4,3200,1024,15.6,1920 x 1080,,Intel,1.65,"38Wh, 65W USB-C (3-pin)",14790000
LENOVO Ideapad Slim 3 15irh10 83k1000gvn,lenovo,Intel,I5,51,4.6,24,DDR5,4800,1024,15.3,1920 x 1200,60,Intel,1.63,60Wh (Đầu tròn 65W (3 chân)),17990000
LENOVO Ideapad Slim 5 15arp10 83j3001dvn,lenovo,AMD,Ryzen 7,7,4.75,16,DDR5,6400,1024,15.1,2560 x 1600,165,AMD,1.49,"70Wh, 65W USB-C Slim (Wall-mount)",21090000
LENOVO Thinkpad X1 Carbon Gen 13 Aura Edition 21nx0039vn,lenovo,Intel,,,5.1,32,DDR5,8400,2048,14.0,1920 x 1200,60,Intel,1.006,"57Wh, 65W USB-C Slim GaN (3-pin)",55890000
LENOVO Thinkpad L16 Gen 2 21sa000gva,lenovo,Intel,,,4.8,16,DDR5,5600,1024,16.0,1920 x 1200,60,Intel,1.79,"46.5Wh, 65W USB-C (3-pin)",25190000
LENOVO Thinkpad E16 Gen 3 21sr002nvn,lenovo,Intel,,,4.9,16,DDR5,5600,512,16.0,1920 x 1200,60,Intel,1.63,"48Wh, 65W USB-C (3-pin)",25390000
LENOVO V14 G4 Iru 83a000fnvn,lenovo,Intel,I5,51,4.6,16,DDR4,3200,1024,14.0,1920 x 1080,,Intel,1.43,"38Wh, 65W USB-C (3-pin)",14590000
LENOVO Legion Pro 5 16iax10 83f3002gvn,lenovo,Intel,,,5.4,32,DDR5,5600,1024,16.0,2560 x 1600,165,NVIDIA,2.43,"80Wh, 245W Slim Tip (3-pin)",59990000
LENOVO Yoga Pro 7 14iah10 83kf002bvn,lenovo,Intel,,,5.4,32,DDR5,8533,1024,14.5,3000 x 1876,120,Intel,1.54,"84Wh, 100W USB-C Slim (3-pin)",39990000
LENOVO Yoga Slim 7 14ill10 83jx0086vn,lenovo,Intel,,,4.5,16,DDR5,8533,1024,14.0,2880 x 1800,120,Intel,1.19,"70Wh, 65W USB-C Slim (2-pin, Wall-mount)",29490000
LENOVO Ideapad Slim 3 14arp10 83k6000avn,lenovo,AMD,Ryzen 5,7,4.45,16,DDR5,4800,1024,14.0,1920 x 1200,,AMD,1.43,"60Wh, 65W Round Tip (3-pin)",15990000
LENOVO V14 G3 Iap 82ts00ayvn,lenovo,Intel,I5,51,4.4,16,DDR4,3200,256,14.0,1920 x 1080,,Intel,1.43,"38Wh, 65W Round Tip (3-pin)",13990000
LENOVO Thinkbook 14 G8 Irl 21sg007rvn,lenovo,Intel,,,4.8,16,DDR5,5600,1024,14.0,1920 x 1200,60,Intel,1.36,"45Wh, 65W USB-C (3-pin)",22990000
LENOVO Ideapad Slim 3 14irh10 83k00009vn,lenovo,Intel,I7,71,4.9,24,DDR5,4800,1024,14.0,1920 x 1200,,Intel,1.43,60Wh (Đầu tròn 65W (3 chân),20990000
LENOVO Ideapad Slim 3 15irh10 83k1000jvn,lenovo,Intel,I7,71,4.9,16,DDR5,4800,1024,15.3,1920 x 1200,60,Intel,1.63,60Wh (Đầu tròn 65W (3 chân)),19990000
LENOVO Legion 5 15irx10 83ly00hwvn,lenovo,Intel,I7,71,5.5,16,DDR5,5600,1024,15.1,2560 x 1600,165,NVIDIA,1.9,"80Wh, 245W Slim Tip (3-pin)",43990000
LENOVO Thinkbook 16 G8 Irl 21sh0093va,lenovo,Intel,,,4.8,16,DDR5,5600,2048,16.0,1920 x 1200,60,Intel,1.7,"45Wh, 65W USB-C (3-pin)",20690000
LENOVO Thinkpad X9 14 Gen 1 21qa006lvn,lenovo,Intel,,,4.8,32,DDR5,8533,1024,14.0,2880 x 1800,120,Intel,1.27,55Wh (65W USB-C Slim GaN (3 chân)),55990000
LENOVO Thinkpad E16 Gen 3 21sr002gva,lenovo,Intel,,,4.9,16,DDR5,5600,512,16.0,1920 x 1200,60,Intel,1.63,"48Wh, 65W USB-C (3-pin)",24190000
LENOVO Yoga Slim 7 14imh9 83cv00ajvn,lenovo,Intel,,,4.8,32,DDR5,7467,1024,14.0,1920 x 1200,60,Intel,1.39,65Wh (65W USB-C Slim (Wall-mount)),29490000
LENOVO Thinkbook 16 G8 Irl 21sh0094va,lenovo,Intel,,,4.8,16,DDR5,5600,1024,16.0,1920 x 1200,60,Intel,1.7,"45Wh, 65W USB-C (3-pin)",21190000
LENOVO Ideapad Slim 3 14irh10 83k0000avn,lenovo,Intel,I5,51,4.6,24,DDR5,4800,1024,14.0,1920 x 1200,,Intel,1.43,60Wh (Đầu tròn 65W (3 chân)),17990000
LENOVO Thinkbook 14 G8 Irl 21sg007tvn,lenovo,Intel,,,5.2,16,DDR5,5600,2048,14.0,1920 x 1200,60,Intel,1.36,"45Wh, 65W USB-C (3-pin)",24290000
LENOVO Thinkpad X1 Carbon Gen 13 Aura Edition 21nx003bvn,lenovo,Intel,,,5.1,32,DDR5,8400,1024,14.0,2880 x 1800,120,Intel,1.006,"57Wh, 65W USB-C Slim GaN (3-pin)",61990000
LENOVO Ideapad Slim 3 15abr8 82xm00mcvn,lenovo,AMD,Ryzen 7,5,4.5,16,DDR4,3200,1024,15.6,1920 x 1080,,AMD,1.62,47Wh (Đầu tròn 65W (3 chân)),16190000
LENOVO Ideapad Flex 5 14abr8 82xx00fvvn,lenovo,AMD,Ryzen 5,5,4.3,16,DDR4,4266,1024,14.0,1920 x 1200,60,AMD,1.55,52.5Wh (65W Round Tip (3-pin)),16990000
LENOVO Legion 5 15ahp10 83m00030vn,lenovo,AMD,Ryzen 7,2,5.1,24,DDR5,5600,1024,15.1,2560 x 1600,165,NVIDIA,1.9,"80Wh, 245W Slim Tip (3-pin)",43990000
LENOVO Ideadpad Slim 3 14irh10 83k00007vn,lenovo,Intel,I7,71,4.9,16,DDR5,4800,1024,14.0,1920 x 1200,,Intel,1.43,60Wh (Đầu tròn 65W (3 chân)),19990000
LENOVO Ideapad Slim 5 14q8x9 83hl000kvn,lenovo,,,,3.4,16,DDR5,8448,1024,14.0,1920 x 1200,,,1.48,57Wh,24990000
LENOVO Ideapad Slim 3 15irh10 83k1002nvn,lenovo,Intel,I5,51,4.6,24,DDR5,4800,1024,15.1,2560 x 1600,165,Intel,1.49,60Wh Đầu tròn 65W (3 chân),21490000
LENOVO Ideapad Slim 3 15q8x10 83n3002pvn,lenovo,,,,3.0,16,DDR5,8448,1024,15.3,1920 x 1200,,,1.55,"60Wh, 65W Round Tip (3-pin)",17990000
LENOVO Thinkbook 16 G8 Irl 21sh0099vn,lenovo,Intel,,,5.2,16,DDR5,5600,2048,16.0,1920 x 1200,60,Intel,1.7,"45Wh, 65W USB-C (3-pin)",24890000
LENOVO Ideapad Slim 3 14irh10 83k0000bvn,lenovo,Intel,I5,51,4.6,16,DDR5,4800,512,14.0,1920 x 1200,60,Intel,1.33,Đầu tròn 65W (3 chân),19490000
LENOVO Thinkpad E14 Gen 7 21sx002yvn,lenovo,Intel,,,5.1,16,DDR5,5600,512,14.0,1920 x 1200,60,Intel,1.34,"48Wh, 65W USB-C (3-pin)",29690000
LENOVO Legion 5 15irx10 83ly00hqvn,lenovo,Intel,I7,71,4.9,16,DDR5,4800,1024,15.3,1920 x 1200,165,NVIDIA,2.1,"80Wh, 245W Slim Tip (3-pin)",39990000
LENOVO Legion 5 15irx10 83ly004gvn,lenovo,Intel,I7,71,5.5,24,DDR5,4800,1024,15.1,2560 x 1600,165,NVIDIA,1.9,"80Wh, 245W Slim Tip (3-pin)",51490000
LENOVO Thinkbook 14 G8 Irl 21sg007svn,lenovo,Intel,,,4.8,16,DDR5,5600,2048,14.0,1920 x 1200,60,Intel,1.36,"45Wh, 65W USB-C (3-pin)",21990000
LENOVO V15 G4 Iru 83a100pmvn,lenovo,Intel,I5,51,4.6,16,DDR4,3200,1024,15.6,1920 x 1080,,Intel,1.65,"38Wh, 65W Round Tip (3-pin)",15990000
LENOVO Thinkpad X9 15 Gen 1 Aura Edition 21q60052vn,lenovo,Intel,,,4.5,32,DDR5,8533,1024,15.3,2880 x 1800,120,Intel,1.4,"80Wh, 65W USB-C Slim GaN (3-pin)",50490000
LENOVO Ideapad Flex 5 14abr8 82xx00fwvn,lenovo,AMD,Ryzen 7,5,4.5,16,DDR4,4266,1024,14.0,1920 x 1200,60,AMD,1.55,52.5Wh (65W Round Tip (3-pin)),18990000
LENOVO Ideapad Slim 3 16irh10 83k20001vn,lenovo,Intel,I7,71,4.9,16,DDR5,4800,1024,16.0,1920 x 1200,60,Intel,1.73,60Wh Đầu tròn 65W (3 chân),19990000
LENOVO Ideapad Slim 3 15irh10 83k1002pvn,lenovo,Intel,I5,51,4.6,16,DDR5,4800,1024,15.1,2560 x 1600,165,Intel,1.49,"60Wh, 65W Round Tip (3-pin)",20490000
LENOVO Yoga Slim 7 14imh9 83cv00dkvn,lenovo,Intel,,,4.8,32,DDR5,6400,1024,14.0,1920 x 1200,60,Intel,1.39,"65Wh, 65W USB-C Slim (Wall-mount)",29990000
LENOVO Legion 5 15iax10 83f0003cvn,lenovo,Intel,,,5.2,32,DDR5,5600,1024,15.1,2560 x 1600,165,NVIDIA,1.9,"80Wh, 245W Slim Tip (3-pin)",49190000
LENOVO Yoga 7 2 In 1 14ill10 83jq0093vn,lenovo,Intel,,,4.8,32,DDR5,8533,1024,14.0,2880 x 1800,120,Intel,1.38,70Wh (65W USB-C (3-pin)),39990000
LENOVO Yoga Slim 7 14imh9 83cv00d8vn,lenovo,Intel,,,4.5,16,DDR5,6400,1024,14.0,1920 x 1200,60,Intel,1.39,"65Wh, 65W USB-C Slim (Wall-mount)",25990000
LENOVO Thinkpad X1 Carbon Gen 13 Aura Edition 21ns008hvn,lenovo,Intel,,,4.8,32,DDR5,8533,1024,14.0,1920 x 1200,60,Intel,0.986,"57Wh, 65W USB-C Slim GaN (3-pin)",62990000
LENOVO Ideapad Slim 3 14iah8 83eq0005vn,lenovo,Intel,I5,51,4.4,16,DDR5,4800,1024,14.0,1920 x 1080,,Intel,1.37,47Wh,15490000
LENOVO Legion 5 15iax10 83f0003bvn,lenovo,Intel,,,5.2,32,DDR5,5600,1024,15.1,2560 x 1600,165,NVIDIA,1.9,"80Wh, 245W Slim Tip (3-pin)",54990000
LENOVO Legion Pro 5 16iax10 83f3003vvn,lenovo,Intel,,,5.4,32,DDR5,5600,1024,16.0,2560 x 1600,165,NVIDIA,2.43,"80Wh, 245W Slim Tip (3-pin)",53990000
LENOVO Loq 15irx9 83dv012lvn,lenovo,Intel,I5,51,4.6,12,DDR5,4800,1024,15.6,1920 x 1080,144,NVIDIA,2.38,60Wh (Đầu mỏng 170W (3 chân)),25490000
LENOVO V15 G5 Irl 83hf00byvn,lenovo,Intel,I5,51,4.6,16,DDR5,5200,1024,15.6,1920 x 1080,,Intel,1.61,"47Wh, 65W USB-C (3-pin)",16390000
LENOVO Loq Essential 15irx11 83sc003rvn,lenovo,Intel,I5,51,4.6,16,DDR5,4800,1024,15.6,1920 x 1080,144,NVIDIA,2.3,"60Wh, 135W Slim Tip (3-pin)",28490000
LENOVO Loq 15arp9 83jc00hxvn,lenovo,AMD,Ryzen 5,7,4.2,12,DDR5,4800,1024,15.6,1920 x 1080,144,NVIDIA,2.38,60Wh (Đầu mỏng 170W (3 chân)),22990000
LENOVO Ideapad Flex 5 14abr8 82xx00dlvn,lenovo,AMD,Ryzen 7,7,4.5,16,DDR5,8448,1024,14.0,1920 x 1200,60,AMD,1.55,52.5Wh,18990000
LENOVO Thinkpad E14 Gen 7 21t90025vn,lenovo,Intel,,,5.2,16,DDR5,5600,512,14.0,1920 x 1200,60,Intel,1.34,"48Wh, 65W USB-C (3-pin)",26190000
LENOVO Thinkpad E14 Gen 7 21sx0031vn,lenovo,Intel,,,5.1,32,DDR5,5600,1024,14.0,1920 x 1200,60,Intel,1.34,"48Wh, 65W USB-C (3-pin)",
LENOVO Loq 15arp9 83jc00hyvn,lenovo,AMD,Ryzen 5,7,4.2,24,DDR5,4800,1024,15.6,1920 x 1080,144,NVIDIA,2.38,60Wh (Đầu mỏng 170W (3 chân)),24490000
LENOVO Thinkpad E16 Gen 3 21sr002kva,lenovo,Intel,,,4.8,16,DDR5,5600,1024,16.0,1920 x 1200,60,Intel,1.63,"48Wh, 65W USB-C (3-pin)",25190000
LENOVO Loq 15iax9 83gs001rvn,lenovo,Intel,I5,51,4.4,12,DDR5,4800,1024,15.6,1920 x 1080,144,NVIDIA,2.38,60Wh,23990000
LENOVO Ideapad Slim 5 14irh10r 83j0006cvn,lenovo,Intel,,,4.8,32,DDR5,5600,1024,14.0,1920 x 1200,,Intel,1.39,"60Wh, 65W USB-C Slim (Wall-mount)",24590000
LENOVO Thinkpad X1 Carbon Gen 13 Aura Edition 21ns008fvn,lenovo,Intel,,,4.8,32,DDR5,8533,1024,14.0,2880 x 1800,120,Intel,0.986,"57Wh, 65W USB-C Slim GaN (3-pin)",65190000
LENOVO Ideapad Slim 5 14imh9 83da001nvn,lenovo,Intel,,,4.5,16,DDR5,7467,1024,14.0,1920 x 1200,60,Intel,1.46,57Wh,21990000
LENOVO Loq 15irx9 83dv01alvn,lenovo,Intel,I7,71,4.9,16,DDR5,4800,1024,15.6,1920 x 1080,144,NVIDIA,2.38,"60Wh, 170W Slim Tip (3-pin)",29990000
LENOVO Ideapad Slim 5 14imh9 83da006tvn,lenovo,Intel,,,4.5,16,DDR5,7467,1024,14.0,1920 x 1200,,Intel,1.48,57Wh,23690000
LENOVO Yoga Slim 7 14akp10 83jy006pvn RYZEN Ai,lenovo,AMD,,3,5.0,32,DDR5,6400,1024,14.0,2880 x 1800,120,AMD,1.19,"70Wh, 65W USB-C Slim (2-pin, Wall-mount)",33990000
LENOVO Thinkbook 16 G8 Irl,lenovo,Intel,,,4.8,16,DDR5,5600,2048,16.0,1920 x 1200,60,Intel,1.7,"45Wh, 65W USB-C (3-pin)",21490000
LENOVO V14 G4 Iru 83a00012vn,lenovo,Intel,I7,71,5.0,16,DDR4,3200,1024,14.0,1920 x 1080,,Intel,1.43,38Wh (Đầu tròn 65W (3 chân)),19990000
LENOVO Ideapad Slim 5 14irh10r 83j0006evn,lenovo,Intel,,,4.8,16,DDR5,5600,512,14.0,1920 x 1200,,Intel,1.39,"60Wh, 65W USB-C Slim (Wall-mount)",21490000
LENOVO Ideapad Slim 5 14akp10 83hx001kvn RYZEN Ai 5,lenovo,AMD,,3,4.8,24,DDR5,4800,1024,14.0,1920 x 1200,,AMD,1.39,60Wh (65W USB-C Slim (Wall-mount)),23090000
LENOVO Thinkpad X1 Carbon Gen 13 Aura Edition 21nx003avn,lenovo,Intel,,,5.1,32,DDR5,8400,1024,14.0,1920 x 1200,60,Intel,1.006,"57Wh, 65W USB-C Slim GaN (3-pin)",57190000
LENOVO Ideapad Slim 3 15 Abr8 82xm00ejvn,lenovo,AMD,Ryzen 5,7,4.3,16,DDR4,3200,1024,15.6,1920 x 1080,,AMD,1.62,47Wh,14390000
LENOVO Ideapad Slim 5 14irh10 83hr0001vn,lenovo,Intel,I5,51,4.6,32,DDR5,5600,1024,14.0,1920 x 1200,,Intel,1.39,60Wh (65W USB-C Slim (Gắn tường)),23490000
LENOVO Legion 5 15irx10 83ly00a7vn,lenovo,Intel,I7,71,5.5,16,DDR5,5600,1024,15.1,2560 x 1600,165,NVIDIA,1.9,"80Wh, 245W Slim Tip (3-pin)",40990000
LENOVO Yoga Slim 7 14ill10 83jx0081vn,lenovo,Intel,,,4.8,32,DDR5,8533,1024,14.0,2880 x 1800,120,Intel,1.19,"70Wh, 65W USB-C Slim (2-pin, Wall-mount)",37990000
LENOVO Ideapad Flex 5 14abr8 82xx00dmvn,lenovo,AMD,Ryzen 5,7,4.3,16,DDR5,8448,1024,14.0,1920 x 1200,60,AMD,1.55,52.5Wh,16990000
LENOVO Ideapad Slim 3 16irh10 83k20004vn,lenovo,Intel,I7,71,4.9,24,DDR5,4800,1024,16.0,1920 x 1200,60,Intel,1.73,60Wh Đầu tròn 65W (3 chân),20990000
LENOVO Yoga 7 2 In 1 14ill10 83jq0094vn,lenovo,Intel,,,4.8,32,DDR5,8533,1024,14.0,2880 x 1800,120,Intel,1.38,70Wh 65W USB-C (3-pin),39990000
LENOVO Legion 5 15ahp10 83m0002xvn,lenovo,AMD,Ryzen 7,2,5.1,24,DDR5,5600,1024,15.1,2560 x 1600,165,NVIDIA,1.9,"80Wh, 245W Slim Tip (3-pin)",39490000
LENOVO Thinkpad X1 Carbon Gen 9,lenovo,Intel,I7,71,4.7,32,DDR4,4266,2048,14.0,1920 x 1200,,Intel,1.13,57Whr (MM18),
LENOVO Thinkpad X1 Carbon Gen 10,lenovo,Intel,I7,12,2.1,16,DDR5,5200,2048,14.0,1920 x 1200,60,Intel,1.12,57 Wh,
LENOVO Loq 15arp9 83jc007hvn,lenovo,AMD,Ryzen 5,7,4.2,12,DDR5,4800,1024,15.6,1920 x 1080,144,NVIDIA,2.38,60Wh,23490000
LENOVO Loq 15arp9 83jc007jvn,lenovo,AMD,Ryzen 5,7,4.2,24,DDR5,4800,1024,15.6,1920 x 1080,144,NVIDIA,2.38,60Wh,24490000
LENOVO Loq 15iax9 83gs000jvn,lenovo,Intel,I5,51,4.4,16,DDR5,4800,1024,15.6,1920 x 1080,144,NVIDIA,2.38,60Wh,
LENOVO Thinkpad X1 Carbon Gen 8,lenovo,Intel,I7,10,1.8,16,DDR3,2133,512,14.0,1920 x 1080,60,Intel,1.09,51WHr Li-ion,
LENOVO Thinkpad E14 21eb0063vn,lenovo,AMD,Ryzen 7,5,4.5,8,DDR4,3200,1024,14.0,1920 x 1080,,AMD,1.64,45Wh,21700000
LENOVO Thinkpad X1 Carbon Gen 6,lenovo,Intel,I7,85,1.8,16,DDR3,2133,256,14.0,1920 x 1080,60,Intel,1.13,57WHr Li-ion,
LENOVO Thinkpad T14 Gen 2,lenovo,Intel,I7,11,2.8,32,DDR4,3200,2048,14.0,1920 x 1080,,Intel,1.47,,
LENOVO Thinkpad X1 Carbon Gen 7,lenovo,Intel,I7,85,1.8,16,DDR3,2133,256,14.0,1920 x 1080,60,Intel,1.09,51WHr Li-Polymer,
LENOVO Thinkpad X1 Carbon Gen 5,lenovo,Intel,I5,63,2.4,8,DDR3,1866,256,14.0,1920 x 1080,60,Intel,1.13,57WHr Li-Polymer,
LENOVO Ideapad Slim 3 14iah8 83eq0009vn,lenovo,Intel,I5,51,4.4,16,DDR5,4800,1024,14.0,1920 x 1080,,Intel,1.37,47Wh,16490000
LENOVO Legion Slim 5 16irh8 82ya00buvn,lenovo,Intel,I7,71,2.4,16,DDR5,5200,1024,16.0,2560 x 1600,165,NVIDIA,2.4,80Wh,43990000
LENOVO Ideapad Yoga 6 13alc6 82nd00bdvn,lenovo,AMD,Ryzen 7,7,1.8,8,DDR4,3200,512,13.3,1920 x 1080,,AMD,1.31,"4Cell, 60Wh",16800000
LENOVO Thinkpad T14 Gen 3,lenovo,,I7,,3.4,16,DDR4,3200,2048,14.0,1920 x 1200,,Intel,1.35,57Wh,
LENOVO Thinkpad E16 Gen 1 21jn006gvn,lenovo,Intel,I7,71,5.0,16,DDR4,3200,1024,16.0,1920 x 1200,,Intel,1.81,47Wh,
LENOVO Thinkpad T480,lenovo,Intel,I7,78,,32,DDR4,2400,1024,14.0,1920 x 1080,,Intel,1.58,Lên đến 30.3 giờ,
LENOVO Ideapad Slim 3 15irh8 83em003evn,lenovo,Intel,I7,71,4.9,16,DDR5,4800,1024,15.6,1920 x 1080,60,Intel,1.62,47Wh,
LENOVO Yoga Pro 7 14irh8 82y70050vn,lenovo,Intel,I7,71,2.4,16,DDR5,5200,1024,14.5,3072 x 1920,120,NVIDIA,1.49,73Wh,
LENOVO Ideapad 1 15amn7 82vg0022vn,lenovo,AMD,Ryzen 5,7,4.3,8,DDR5,5500,1024,15.6,1920 x 1080,,AMD,1.58,42Wh,
LENOVO Thinkbook 14 G2 Are,lenovo,AMD,Ryzen 7,4,2.0,8,DDR4,3200,512,14.0,1920 x 1080,60,AMD,,45W Lithium polyme,
LENOVO Ideapad Slim 5 16imh9 83dc001svn,lenovo,Intel,,,4.8,32,DDR5,7467,1024,16.0,2048 x 1280,120,Intel,1.82,57Wh,26990000
LENOVO Ideapad Slim 5 16imh9 83dc001rvn,lenovo,Intel,,,4.5,16,DDR5,7467,1024,16.0,2048 x 1280,120,Intel,1.82,57Wh,
LENOVO Yoga Slim 7 Carbon 13iap7 82u90044vn,lenovo,Intel,I5,51,4.4,16,DDR5,4800,1024,13.3,2560 x 1600,,Intel,0.968,50Wh,
LENOVO Legion Slim 5 16irh8 82ya008hvn,lenovo,Intel,I7,71,5.0,16,DDR5,5200,1024,16.0,2560 x 1600,165,NVIDIA,2.4,80Wh,
LENOVO Ideapad Slim 5 14imh9 83da001yvn,lenovo,Intel,,,4.8,32,DDR5,7467,1024,14.0,1920 x 1200,60,Intel,1.48,57Wh,
LENOVO Thinkpad P51,lenovo,Intel,I7,77,2.9,64,DDR4,2400,1024,15.6,3840 x 2160,,NVIDIA,2.5,6Cell - 90Wh,
LENOVO 100e Gen 2 Celeron,lenovo,Intel,,40,1.1,4,DDR4,2400,64,11.6,1366 x 768,60,Intel,1.21,3 Cell,
LENOVO Thinkpad P50,lenovo,Intel,I7,67,2.8,64,DDR4,2133,256,15.6,3840 x 2160,,NVIDIA,2.5,Li - Polymer 6 cell,
LENOVO Thinkpad T470s,lenovo,Intel,I7,77,2.8,24,DDR4,2400,1024,14.0,1920 x 1080,,Intel,1.3,57Wh,
LENOVO Thinkpad T460s,lenovo,Intel,I7,76,2.6,24,DDR4,2133,256,14.0,1920 x 1080,,Intel,1.3,,
LENOVO Thinkpad T14,lenovo,Intel,I5,10,1.7,8,DDR4,2666,256,14.0,1920 x 1080,60,Intel,1.46,50WHr Li-ion,
LENOVO Ideapad Slim 5 Light 14abr8 82xs0007vn,lenovo,AMD,Ryzen 7,7,4.5,8,DDR4,3200,512,14.0,1920 x 1080,,AMD,1.17,47Wh,
LENOVO Ideapad 5 15iil05 81yk004wvn,lenovo,Intel,I5,10,,8,DDR4,3200,256,15.6,1920 x 1080,,Intel,1.7,3-cell 45 Wh Li-ion,
LENOVO Ideapad 5 14itl05 82fg0129vn,lenovo,Intel,I5,11,,8,DDR4,3200,512,15.6,1920 x 1080,,Intel,1.66,3 Cell Lithium polymer 45 W,
LENOVO Ideapad Slim 3 15iah8 83er000bvn,lenovo,Intel,I5,51,4.4,8,DDR5,4800,512,15.6,1920 x 1080,,Intel,1.62,3 cell 47Wh,
LENOVO Loq 15irx9 83dv0092vn,lenovo,Intel,I7,71,4.9,16,DDR5,4800,1024,15.6,1920 x 1080,144,NVIDIA,2.38,60Wh,
LENOVO Gaming Legion 5 15imh05 82au00g9vn,lenovo,Intel,I7,71,2.6,16,DDR4,3200,512,15.6,1920 x 1080,,NVIDIA,2.3,4 cell 60 Wh,
LENOVO Legion Pro 7 16irx9h 83de001nvn,lenovo,Intel,I9,91,5.8,32,DDR5,5600,1024,16.0,2560 x 1600,240,NVIDIA,2.62,99.9Wh,
LENOVO Gaming Legion Pro 7 16irx9h 83de001mvn,lenovo,Intel,I9,91,5.8,32,DDR5,5600,1024,16.0,2560 x 1600,240,NVIDIA,2.62,99.9Wh,
LENOVO Thinkpad X1 Carbon7 20r1s01n00,lenovo,Intel,I7,71,1.8,8,DDR3,2133,256,14.0,2560 x 1440,,Intel,1.08,4 cell 51Wh,
LENOVO Thinkpad E15 20rds0du00,lenovo,Intel,I7,71,1.8,8,DDR4,2666,512,15.6,1920 x 1080,,AMD,1.8,"3Cell, 45Wh",
LENOVO Legion Slim 5 16irh8 82ya00btvn,lenovo,Intel,I5,51,4.7,8,DDR5,5200,1024,16.0,2560 x 1600,165,NVIDIA,2.4,80Wh,
LENOVO Ideapad 3 15iau7 82rk015avn,lenovo,Intel,I3,31,4.4,16,DDR4,3200,1024,15.6,1920 x 1080,,Intel,1.63,45Wh,
LENOVO Legion Slim 5 16aph8 82y9002yvn,lenovo,AMD,Ryzen 7,7,5.1,16,DDR5,5600,1024,16.0,2560 x 1600,165,NVIDIA,2.4,80Wh,
LENOVO Loq 15iax9,lenovo,,,,,,,,,,,,,,,
LENOVO Ideapad Slim 5 Light 14abr8 82xs0006vn,lenovo,AMD,Ryzen 5,7,4.5,8,DDR4,3200,512,14.0,1920 x 1080,,AMD,1.17,47Wh,
LENOVO Ideapad Slim 5 16iah8 83bg001xvn,lenovo,Intel,I5,51,4.4,16,DDR5,4800,1024,16.0,1920 x 1200,,Intel,1.89,56.6Wh,
DELL Inspiron 15 3530 J9xfd,dell,Intel,I5,51,,16,DDR4,3200,1024,15.6,1920 x 1080,60,Intel,1.62,"3 cell, 41Wh",16990000
DELL 15 Dc15255 Dc5r5802w1,dell,,Ryzen 5,,2.0,16,DDR4,3200,1024,15.6,1920 x 1080,120,AMD,1.63,"3-Cell Battery, 41WHr",16990000
DELL Inspiron 14 5440 D0f3w,dell,Intel,I5,51,4.6,24,DDR5,4400,1024,14.0,1920 x 1080,60,Intel,1.69,3 cell 41 Wh,18990000
DELL 15 Dc15250 79n4m,dell,Intel,,31,,16,DDR4,,512,15.6,1920 x 1080,120,Intel,1.9,"3 cell, 41Wh",14490000
DELL Vostro 3530 2h1tpi5 16gb,dell,Intel,I5,51,0.9,16,DDR4,2666,1024,15.6,1920 x 1080,120,Intel,1.66,"41Wh , 3Cell",18990000
DELL 15 Dc15250 71073959,dell,Intel,I7,71,,16,DDR4,2666,512,15.6,1920 x 1080,120,Intel,1.66,,21990000
DELL Vostro 3520 F0v0vi3,dell,Intel,I3,31,1.2,8,DDR4,,512,15.6,1920 x 1080,120,Intel,1.9,"3-cell, 41 Wh lithium-polymer",11990000
DELL Latitude 3450 L3450 1335u 16512w Umc,dell,Intel,I5,51,4.6,16,DDR5,5200,1024,14.0,1920 x 1080,60,Intel,1.5,"3- cell, 42Wh Battery",19590000
DELL Vostro 3530 2h1tpi7,dell,Intel,I7,71,1.2,16,DDR4,2666,1024,15.6,1920 x 1080,120,Intel,1.66,"41Wh , 3Cell",20990000
DELL 15 Dc15250 H02df,dell,Intel,I5,13,4.6,24,DDR4,,1024,15.6,1920 x 1080,120,Intel,1.9,"3 cell, 41Wh",16990000
DELL Vostro 3530 2h1tpi3,dell,Intel,I3,31,,8,DDR4,,1024,15.6,1920 x 1080,120,Intel,1.66,"41Wh , 3Cell",12990000
DELL Inspiron 14 5440 N4i5211w1,dell,Intel,,51,,16,DDR5,,512,14.0,1920 x 1200,60,Intel,1.67,"Li-ion 4-Cell Battery, 54WHr",23690000
DELL Inspiron 14 5440 Ndy5v1,dell,Intel,I5,51,4.6,16,DDR5,4400,512,14.0,1920 x 1200,,Intel,1.54,3 Cell Int (41Wh),20990000
DELL 15 Dc15250 I5u165w11slu,dell,Intel,I5,51,4.6,16,DDR4,2666,512,15.6,1920 x 1080,120,Intel,1.9,"Pin liền, 3-Cell Battery, 41WHr",19190000
DELL 15 Dc15255 X9ym41,dell,AMD,Ryzen 7,7,4.5,16,DDR4,,1024,15.6,1920 x 1080,120,AMD,1.6,3 Cell Int (41Wh),19490000
DELL Inspiron 15 3520 Jym17,dell,Intel,I3,31,1.2,8,DDR4,,1024,15.6,1920 x 1080,120,Intel,1.66,"41Wh , 3Cell",12290000
DELL Inspiron 14 5440 N5440 C7u165w11ibd2,dell,Intel,,,5.4,16,DDR5,5200,512,14.0,1920 x 1080,60,NVIDIA,1.54,"4-Cell Battery, 54WHr",29990000
DELL Inspiron 14 5441 N4o10441w1,dell,,,,3.4,16,DDR5,8448,1024,14.0,1920 x 1200,60,,1.53,"3-cell, 54 Wh, lithium-ion",30390000
DELL Xps 13 9350 71058714,dell,Intel,,,2.1,16,DDR5,8533,1024,13.4,2560 x 1600,120,Intel,1.18,"Pin liền, 3-cell, 55 Wh ""smart"" lithium-ion",60990000
DELL Inspiron 15 3520 5124blk Gj8w7,dell,Intel,I5,51,1.3,8,DDR4,,1024,15.6,1920 x 1080,60,Intel,1.66,"3-cell, 41 Wh lithium-polymer",15490000
DELL Inspiron 15 3520 I3520 7896blk Pus,dell,Intel,I7,71,70.0,16,DDR4,,1024,15.6,1920 x 1080,60,Intel,1.66,"3 Cell, 41 Wh",20490000
DELL Inspiron 15 3520 6r6nk,dell,Intel,I5,51,1.3,8,DDR4,,1024,15.6,1920 x 1080,120,Intel,1.66,"3-cell, 41 Wh lithium-polymer",14490000
DELL Latitude 3540 71038100,dell,Intel,I5,51,4.4,16,DDR4,3200,1024,15.6,1920 x 1080,60,Intel,1.81,"3 cell, 42 Wh, có khả năng sạc nhanh",18990000
DELL Inspiron 15 3520 N3520 I5u165w11slu,dell,Intel,I5,51,4.4,16,DDR4,3200,512,15.6,1920 x 1080,120,Intel,1.9,"Pin liền, 3-Cell Battery, 41WHrC32",16990000
DELL Latitude 7400,dell,Intel,I5,58,1.6,8,DDR4,,256,14.0,1920 x 1080,,Intel,1.36,4-Cell: 60 Wh,
DELL Vostro 3520 F0v0v256,dell,Intel,I5,51,1.3,8,DDR4,,256,15.6,1920 x 1080,60,Intel,1.9,,13990000
DELL Inspiron 5310,dell,Intel,I3,11,2.0,8,DDR4,4267,256,13.3,1920 x 1200,60,Intel,1.28,54 Wh 4 celll,
DELL 15 Dc15250 3g7t0,dell,Intel,I7,13,5.0,16,DDR4,,1024,15.6,1920 x 1080,120,Intel,1.9,"3 cell, 41Wh",20990000
DELL Inspiron 15 3530 P16wd2,dell,Intel,I5,51,4.6,16,DDR4,2666,0,15.6,1920 x 1080,120,Intel,1.67,3 Cell Int (41Wh),19190000
DELL Xps 9320,dell,Intel,I7,12,4.7,16,DDR5,5200,512,13.4,,,Intel,1.26,"3-cell, 55 Wh",
DELL Xps 9315,dell,Intel,I7,12,,16,DDR5,5200,512,13.4,1920 x 1200,,Intel,1.17,,
DELL Latitude 3420,dell,Intel,I5,51,2.4,8,DDR4,3200,256,14.0,1366 x 768,,Intel,1.5,3 cell 41 Wh,
DELL Inspiron 16 5620 N6i7110w1,dell,Intel,I7,71,,8,DDR4,3200,512,16.0,1920 x 1200,,Intel,1.91,"4-cell Li-ion, 54 WHr",25290000
DELL Inspiron 14 5440 N4i7204w1,dell,Intel,,,,16,DDR5,,512,14.0,1920 x 1200,60,Intel,1.67,"Li-ion 4-Cell Battery, 54WHr",26490000
DELL Latitude E7470,dell,Intel,I5,56,2.4,8,DDR4,2133,256,14.0,1920 x 1080,,Intel,1.42,4 cell 52Whr,
DELL Latitude E5440,dell,Intel,I5,43,,4,,,500,14.0,1366 x 768,,Intel,1.95,,
DELL Latitude 5400,dell,Intel,I5,83,1.6,8,,,256,14.0,1920 x 1080,,Intel,1.6,3 cell,
DELL Inspiron 5425,dell,AMD,,5,,16,DDR4,3200,512,14.0,1920 x 1200,60,AMD,1.54,,
DELL Latitude 7480,dell,Intel,I5,57,2.6,8,DDR4,2133,256,14.1,1920 x 1080,,Intel,1.5,"4-cell, 60 Wh Li-ion",
DELL Latitude E5430,dell,Intel,I5,53,2.6,4,,,120,14.0,1366 x 768,,Intel,1.18,6 cell,
DELL Xps 15 9520,dell,Intel,I9,12,3.8,16,DDR5,4800,512,15.6,3456 x 2160,,NVIDIA,1.96,6 Cell,
DELL Xps 13 9350,dell,Intel,I7,65,3.1,8,DDR3,1600,256,13.3,3200 x 1800,,Intel,1.27,4-cell Li-Ion,
DELL Xps 14 9440 71054773,dell,Intel,,,4.8,64,DDR5,7467,1024,14.5,3200 x 2000,48,NVIDIA,1.8,"6-Cell, 69.5Whr",
DELL Latitude 5480,dell,Intel,I5,56,2.3,8,DDR4,,256,14.0,1366 x 768,,Intel,0.01,,
DELL Latitude 7280,dell,Intel,I5,62,,8,,,240,12.5,1920 x 1080,,Intel,1.18,,
DELL Latitude E7450,dell,Intel,I3,35,,4,DDR3,1600,120,14.0,1366 x 768,,Intel,1.55,3 cell,
DELL Xps 13 9305,dell,Intel,I5,11,,8,DDR4,4266,256,13.3,1920 x 1080,,Intel,1.29,7 giờ sử dụng liên tục với Microsoft Word,
DELL Xps 15 9570,dell,Intel,I7,78,2.2,16,DDR4,2666,256,15.6,1920 x 1080,,NVIDIA,1.8,97Whr,
DELL Xps 9510,dell,Intel,I7,11,,16,DDR4,3200,1024,15.6,3456 x 2160,,NVIDIA,2.04,86 WHr,
DELL Latitude E7250,dell,Intel,I5,53,2.3,8,DDR3,,256,12.5,,,Intel,1.27,,
DELL Inspiron 7425,dell,AMD,Ryzen 5,5,2.3,8,DDR4,3200,512,14.0,1920 x 1200,60,AMD,1.6,54WHr 4-Cell,
DELL Xps 9500,dell,Intel,I5,10,4.0,8,DDR4,2933,256,15.0,1920 x 1200,,Intel,1.83,56 WHr Li-ion,
Alienware X14 R1,dell,Intel,I7,71,4.7,16,DDR5,4800,512,14.0,1920 x 1080,144,NVIDIA,1.84,"6-cell, 80.5Wh",
DELL Alienware M16,dell,Intel,I7,71,90.0,16,DDR5,4800,512,16.0,2560 x 1600,165,NVIDIA,3.25,"6 Cell, 86 Wh",
DELL Vostro 5568,dell,Intel,I5,72,,4,DDR4,2400,1024,15.6,1366 x 768,,NVIDIA,1.98,3-cell Li-ion,
DELL Xps 13 9300,dell,Intel,I5,10,,8,DDR4,3733,256,13.0,1920 x 1200,,Intel,1.3,51WHr,
DELL Latitude 5520,dell,Intel,I5,11,4.4,8,DDR4,3200,256,15.6,1920 x 1080,,Intel,1.59,63Whr 4 cell,
DELL Latitude 5420,dell,Intel,I5,51,4.2,8,DDR4,3200,256,14.0,1920 x 1080,,Intel,1.37,"4 Cell, 63.3 Whr",
DELL Inspiron 7559,dell,,I7,,,8,DDR3,1600,1024,15.6,1920 x 1080,,NVIDIA,2.5,,
DELL Alienware M15 R7,dell,Intel,I7,12,2.1,16,DDR5,4800,512,15.6,1920 x 1080,165,NVIDIA,2.69,,
DELL Latitude E5570,dell,Intel,I7,76,,16,,,512,15.6,1920 x 1080,,AMD,,,
DELL Inspiron 5515 R1505s,dell,AMD,Ryzen 5,5,,8,DDR4,3200,512,15.6,1920 x 1080,,AMD,1.75,4 Cell Lithium polymer 65 W,
DELL Xps 15 7590,dell,Intel,I5,93,4.0,8,DDR4,2666,256,15.0,1920 x 1080,,Intel,1.8,57 WHr Li-ion,
DELL Latitude E5520,dell,Intel,I7,26,,8,DDR3,,320,14.1,,,Intel,,,
DELL Inspiron N7490 N4i5106w,dell,Intel,I5,10,,8,DDR3,,512,14.0,1920 x 1200,,Intel,1.32,65 W,
DELL Latitude E7270,dell,Intel,I5,56,,8,DDR4,,256,12.5,1366 x 768,,Intel,1.26,,
DELL G7 15 7500,dell,Intel,I7,10,,8,DDR4,,512,15.6,1920 x 1080,,NVIDIA,2.56,Lithium-ion 6 Cell,
DELL Vostro 5468,dell,Intel,I5,72,,4,DDR4,2400,1024,14.0,1366 x 768,,NVIDIA,1.66,3-cell Li-ion,
DELL Latitude 3520 71012298,dell,Intel,I7,71,,8,DDR4,3200,512,15.6,1920 x 1080,60,Intel,1.79,3 cell,
DELL Inspiron 14 7420 1yt85,dell,Intel,I7,71,1.7,16,DDR4,,512,14.0,1920 x 1200,,NVIDIA,1.6,"4 cell 54 Wh , Pin liền",
DELL Vostro 5470,dell,,I5,,,4,DDR3,1600,500,14.0,1366 x 768,,NVIDIA,1.53,3-cell Li-ion,
DELL Vostro 15 3530 80gg9,dell,Intel,I5,51,1.3,8,DDR4,3200,512,15.6,1920 x 1080,120,Intel,1.6,3 cell 41 Wh,
DELL Inspiron 15 3520 N3520 I5u085w11slu,dell,Intel,I5,51,4.4,16,DDR4,2666,512,15.6,1920 x 1080,120,Intel,1.9,"Pin liền, 3-Cell Battery, 41WHr",
DELL Vostro 3530 2h1tpi5,dell,Intel,I5,51,0.9,8,DDR4,2666,1024,15.6,1920 x 1080,120,Intel,1.66,"41Wh , 3Cell",16990000
DELL Insprion 3501,dell,Intel,I3,31,4.1,4,DDR4,2666,256,15.6,,,Intel,1.91,3Cell 42Whrs,
DELL Inspiron 14 5430 20dy31,dell,Intel,I7,71,2.2,16,DDR5,4800,1024,14.0,1920 x 1200,,Intel,1.6,4 cell 54 Wh,
DELL Inspiron 15 3520 N3520 I5u165w11blu,dell,Intel,I5,51,4.4,16,DDR4,2666,512,15.6,1920 x 1080,120,Intel,1.9,"3-Cell Battery, 41WHr",
DELL Xps 13 9370,dell,Intel,I7,85,4.0,8,DDR3,1866,256,13.3,1920 x 1080,,Intel,1.21,4-cell Li-ion,
DELL Latitude E6420,dell,Intel,I5,25,2.5,4,DDR3,,512,14.0,,,Intel,2.09,,
DELL Vostro 3578,dell,Intel,I5,82,,4,DDR4,2400,1024,15.6,1920 x 1080,,AMD,2.2,4-cell Li-ion,
DELL Inspiron 15 3530 71043885,dell,Intel,I5,51,,16,DDR4,2660,512,15.6,1920 x 1080,120,Intel,1.66,Pin liền,19290000
ASUS Vivobook Go 14 E1404fa Nk177w,asus,AMD,Ryzen 5,7,4.3,16,DDR5,,512,14.0,1920 x 1080,60,AMD,1.3,"42WHrs, 3S1P, Li-ion 3 cell",14490000
ASUS Tuf Gaming F16 Fx607vj Rl034w,asus,Intel,,,2.2,16,DDR4,3200,2048,16.0,1920 x 1200,144,NVIDIA,2.2,"56WHrs, 4S1P, 4-cell Li-ion",24490000
ASUS Vivobook 16x K3605vc Rp431w,asus,Intel,I5,51,2.1,16,DDR4,,512,16.0,1920 x 1200,144,NVIDIA,1.8,"50WHrs, 3S1P, 3-cell Li-ion",22090000
ASUS Gaming V16 V3607vm Rp044w,asus,Intel,,,2.5,16,DDR5,,1024,16.0,1920 x 1200,144,NVIDIA,1.95,"63WHrs, 3S1P, 3-cell Li-ion",37990000
ASUS Vivobook 16 A1607qa Mb067ws Snapdragon,asus,,,,2.97,16,DDR5,,512,16.0,1920 x 1200,60,,1.88,"50WHrs, 3S1P, 3-cell Li-ion",20990000
ASUS Vivobook Go 14 E1404fa Eb482w,asus,AMD,Ryzen 5,7,2.8,16,DDR5,,512,14.0,1920 x 1080,60,AMD,1.38,"42WHrs, 3S1P, 3-cell Li-ion",14190000
ASUS Gaming V16 V3607vu Rp343w,asus,Intel,,,2.2,16,DDR5,,512,16.0,1920 x 1200,144,NVIDIA,1.95,"63WHrs, 3S1P, 3-cell Li-ion",25490000
ASUS Vivobook Go 15 E1504ga Bq1141w,asus,Intel,I3,,1.8,8,DDR4,,,15.6,1920 x 1080,60,Intel,1.63,"42WHrs, 3S1P, 3-cell Li-ion",10190000
ASUS Vivobook S14 S3407qa Sf043ws,asus,,,,2.97,16,DDR5,,512,14.0,1920 x 1200,60,,1.35,"70WHrs, 3S1P, 3-cell Li-ion",22990000
ASUS Tuf Gaming A15 Fa506ncg Hn184w,asus,AMD,Ryzen 7,7,3.2,16,DDR5,5600,1024,15.6,1920 x 1080,144,NVIDIA,2.3,"48WHrs, 3S1P, 3-cell Li-ion",22490000
ASUS Vivobook 15 Oled A1505va Ma505w,asus,Intel,I5,51,2.1,16,DDR4,,512,15.6,2880 x 1620,120,Intel,1.7,"50WHrs, 3S1P, 3-cell Li-ion",19690000
ASUS Tuf Gaming F16 Fx608jhr Rv037w,asus,Intel,I7,14,2.2,16,DDR5,5600,1024,16.0,1920 x 1200,165,NVIDIA,2.2,"90WHrs, 4S1P, 4-cell Li-ion",38990000
ASUS Vivobook S14 S3407va Ly046w,asus,Intel,I5,51,2.1,16,DDR5,,512,14.0,1920 x 1200,60,Intel,1.39,"70WHrs, 4S1P, 4-cell Li-ion",18990000
ASUS Tuf Gaming F16 Fx607vu Rl045w,asus,Intel,,,2.2,16,DDR5,5600,2048,16.0,1920 x 1200,144,NVIDIA,2.2,"56WHrs, 4S1P, 4-cell Li-ion Sạc lại từ 0-50% trong 30 phút",28490000
ASUS Vivobook Go 15 E1504fa Nj454w,asus,AMD,Ryzen 5,7,4.3,16,DDR5,,512,15.6,1920 x 1080,60,AMD,1.8,"42WHrs, 3S1P, 3-cell Li-ion",14490000
ASUS Vivobook 14 X1405va Ly623w,asus,Intel,I5,51,2.1,16,DDR4,,512,14.0,1920 x 1200,60,Intel,1.6,"42WHrs, 3S1P, 3-cell Li-ion",16490000
ASUS Vivobook 16x K3605vc Rp491w,asus,Intel,I7,71,2.4,16,DDR4,,512,16.0,1920 x 1200,144,NVIDIA,1.8,"50WHrs, 3S1P, 3-cell Li-ion",22990000
ASUS Vivobook S 14 Flip Tp3402va Lz632w,asus,Intel,I5,51,2.1,16,DDR4,,512,14.0,1920 x 1200,60,Intel,1.5,"50WHrs, 3S1P, 3-cell Li-ion",20990000
ASUS Vivobook 15 X1502va Bq885w,asus,Intel,I5,51,2.1,16,DDR4,,512,15.6,1920 x 1080,60,Intel,1.7,"42WHrs, 3S1P, 3-cell Li-ion",15990000
ASUS Rog Strix G16 G615jmr S5155w,asus,Intel,I7,14,2.2,32,DDR5,5600,1024,16.0,2560 x 1600,240,NVIDIA,2.65,"90WHrs, 4S1P, 4-cell Li-ion",46990000
ASUS Vivobook 14 X1404va Nk394w,asus,Intel,I3,31,1.2,8,DDR4,,512,14.0,1920 x 1080,60,Intel,1.4,"42WHrs, 3S1P, 3-cell Li-ion",12690000
ASUS Zenbook A14 Ux3407qa Qd299ws Copilot X Plus,asus,,,,2.97,16,DDR5,,512,14.0,1920 x 1200,60,,0.98,"70WHrs, 3S1P, 3-cell Li-ion",29990000
ASUS Vivobook 15 X1502va Bq886w,asus,Intel,I7,71,2.4,16,DDR4,,512,15.6,1920 x 1080,60,Intel,1.7,"42WHrs, 3S1P, 3-cell Li-ion",17990000
ASUS Zenbook S 16 Um5606ka Rk127ws RYZEN Ai 7,asus,AMD,,3,2.0,24,DDR5,,1024,16.0,2880 x 1800,120,AMD,1.5,"78WHrs, 2S2P, 4-cell Li-ion",42990000
ASUS Vivobook 15 Oled A1505va L1688w,asus,Intel,I7,71,2.4,16,DDR4,,512,15.6,1920 x 1080,60,Intel,1.7,"50WHrs, 3S1P, 3-cell Li-ion",20990000
ASUS Zenbook 14 Um3406ka Pp113ws RYZEN Ai 7,asus,AMD,,3,2.0,16,DDR5,,512,14.0,2880 x 1800,120,AMD,1.2,"75WHrs, 4S1P, 4-cell Li-ion",28990000
ASUS Vivobook Go 15 E1504fa Bq1150w,asus,AMD,Ryzen 5,7,2.8,16,DDR5,,512,15.6,1920 x 1080,60,AMD,1.63,"42WHrs, 3S1P, 3-cell Li-ion",14190000
ASUS Vivobook 15 X1504va Bq2076w,asus,Intel,I5,51,1.3,16,DDR4,,512,15.6,1920 x 1080,60,Intel,1.7,"42WHrs, 3S1P, 3-cell Li-ion",15990000
ASUS Vivobook S 14 Oled M5406wa Pp071ws,asus,AMD,,3,2.0,32,DDR5,,1024,14.0,2880 x 1800,120,AMD,1.3,"75WHrs, 4S1P, 4-cell Li-ion",33990000
ASUS Vivobook 15 X1504va Bq165w,asus,Intel,,,1.4,16,DDR4,,512,15.6,1920 x 1080,60,Intel,1.7,"42WHrs, 3S1P, 3-cell Li-ion",16990000
ASUS Vivobook S16 S3607qa Sh040ws,asus,,,,2.97,16,DDR5,,512,16.0,1920 x 1200,60,,1.74,"70WHrs, 3S1P, 3-cell Li-ion",23490000
ASUS Zenbook 14 Ux3405ca Pz188ws,asus,Intel,,,2.0,32,DDR5,,1024,14.0,2880 x 1800,120,Intel,1.28,"75WHrs, 2S2P, 4-cell Li-ion",35990000
ASUS Rog Zephyrus G14 Ga403wm Qs051ws RYZEN Ai 9,asus,AMD,,3,2.0,32,DDR5,7500,1024,14.0,2880 x 1800,120,NVIDIA,1.5,"73WHrs, 4S1P, 4-cell Li-ion Sạc lại từ 0-50% trong 30 phút",56940000
ASUS Rog Strix G18 G815lm S9088w,asus,Intel,,,2.7,32,DDR5,5600,1024,18.0,2560 x 1600,240,NVIDIA,3.2,"90WHrs, 4S1P, 4-cell Li-ion, Sạc từ 0-50% trong 30 phút",52090000
ASUS Vivobook S 16 Oled S5606ma Mx051w,asus,Intel,,,1.4,16,DDR5,,512,16.0,3200 x 2000,120,Intel,1.5,"75WHrs, 4S1P, 4-cell Li-ion",29990000
ASUS Rog Strix G18 G815lp S9102w,asus,Intel,,,2.7,32,DDR5,5600,1024,18.0,2560 x 1600,240,NVIDIA,3.2,"90WHrs, 4S1P, 4-cell Li-ion, Sạc từ 0-50% trong 30 phút",56990000
ASUS Vivobook S14 S3407va Ly053w,asus,Intel,I7,71,2.4,16,DDR5,,512,14.0,1920 x 1200,60,Intel,1.4,"70WHrs, 4S1P, 4-cell Li-ion",20990000
ASUS Gaming V16 V3607vu Rp216w,asus,Intel,,,2.5,16,DDR5,,512,16.0,1920 x 1200,144,NVIDIA,1.95,"63WHrs, 3S1P, 3-cell Li-ion",27490000
ASUS Zenbook S 14 Oled Ux5406sa Pv140ws,asus,Intel,,72,1.8,32,DDR5,,1024,14.0,2880 x 1800,120,Intel,1.2,"72WHrs, 2S2P, 4-cell Li-ion",44990000
ASUS Vivobook 15 X1504va Nj1969w,asus,Intel,I5,51,1.3,16,DDR4,,512,15.6,1920 x 1080,60,Intel,1.7,"42WHrs, 3S1P, 3-cell Li-ion",15990000
ASUS Tuf Gaming F15 Fx507zc4 Hn095w,asus,Intel,I5,51,2.5,16,DDR4,3200,1024,15.6,1920 x 1080,144,NVIDIA,2.2,"56WHrs, 4S1P, 4-cell Li-ion",24990000
ASUS Vivobook S 16 Oled M5606ka Ri016ws RYZEN Ai 7,asus,AMD,,3,2.0,24,DDR5,,512,16.0,2880 x 1800,120,AMD,1.5,"75WHrs, 4S1P, 4-cell Li-ion",30990000
ASUS Vivobook S16 S3607va Rp056w,asus,Intel,I7,71,2.4,16,DDR5,,512,16.0,1920 x 1200,144,Intel,1.7,"70WHrs, 4S1P, 4-cell Li-ion",20490000
ASUS Zenbook 14 Ux3405ca Pz187ws,asus,Intel,,,1.7,16,DDR5,,512,14.0,2880 x 1800,120,Intel,1.28,"75WHrs, 2S2P, 4-cell Li-ion",31990000
ASUS Gaming V16 V3607vh Rp024w,asus,Intel,,,2.2,16,DDR5,,512,16.0,1920 x 1200,144,NVIDIA,1.95,"63WHrs, 3S1P, 3-cell Li-ion",28990000
ASUS Tuf Gaming F16 Fx608jmr Rv048w,asus,Intel,I7,14,2.2,16,DDR5,5600,1024,16.0,1920 x 1200,165,NVIDIA,2.2,"90WHrs, 4S1P, 4-cell Li-ion",40990000
ASUS Gaming V16 V3607vh Rp025w,asus,Intel,,,2.5,16,DDR5,,512,16.0,1920 x 1200,144,NVIDIA,1.95,"63WHrs, 3S1P, 3-cell Li-ion",30430000
ASUS Rog Flow Z13 Gz302ea Ru145ws,asus,AMD,,3,3.0,128,DDR5,8000,1024,13.4,2560 x 1600,180,AMD,1.2,"70WHrs, 4S1P, 4-cell Li-ion Sạc lại từ 0-50% trong 30 phút",83490000
ASUS Vivobook S16 S5606ca Ri171ws,asus,Intel,,,2.0,16,DDR5,,512,16.0,2880 x 1800,120,Intel,1.5,"75WHrs, 4S1P, 4-cell Li-ion",31410000
ASUS Vivobook S14 S3407ca Ly095ws,asus,Intel,,,1.7,16,DDR5,,512,14.0,1920 x 1200,60,Intel,1.4,"70WHrs, 4S1P, 4-cell Li-ion",22990000
ASUS Rog Strix G16 G615jhr S5069w,asus,Intel,I7,14,2.2,32,DDR5,,1024,16.0,2560 x 1600,240,NVIDIA,2.65,"90WHrs, 4S1P, 4-cell Li-ion",44170000
ASUS Rog Zephyrus G16 Gu605cm Qr078w,asus,Intel,,,2.9,32,DDR5,7467,1024,16.0,2560 x 1600,240,NVIDIA,1.85,"90WHrs, 4S1P, 4-cell Li-ion Sạc lại từ 0-50% trong 30 phút",62990000
ASUS Tuf Gaming F16 Fx608jh Rv039w,asus,Intel,I5,51,2.4,16,DDR5,,1024,16.0,1920 x 1200,165,NVIDIA,2.2,"90WHrs, 4S1P, 4-cell Li-ion",33370000
ASUS Vivobook S14 S3407va Ly146w,asus,Intel,,,2.2,16,DDR5,,512,14.0,1920 x 1200,60,Intel,1.4,"70WHrs, 4S1P, 4-cell Li-ion",19490000
ASUS Zenbook Duo Ux8406ca Pz109ws,asus,Intel,,,2.9,32,DDR5,,1024,14.0,2880 x 1800,120,Intel,1.65,"75WHrs, 4S1P, 4-cell Li-ion",61990000
ASUS Zenbook 14 Um3406ka Pp590ws RYZEN Ai 7,asus,AMD,,3,2.0,32,DDR5,,1024,14.0,2880 x 1800,120,AMD,1.2,"75WHrs, 4S1P, 4-cell Li-ion",31990000
ASUS Vivobook S14 M3407ka Sf032ws RYZEN Ai 7,asus,AMD,,3,2.0,32,DDR5,,512,14.0,1920 x 1200,60,AMD,1.4,"70WHrs, 4S1P, 4-cell Li-ion",25990000
ASUS Zenbook 14 Ux3405ca Pz204ws,asus,Intel,,,2.9,32,DDR5,,1024,14.0,2880 x 1800,120,Intel,1.28,"75WHrs, 2S2P, 4-cell Li-ion",38990000
ASUS Vivobook S14 M3407ka Sf034ws RYZEN Ai 5,asus,AMD,,3,,16,DDR5,,512,14.0,1920 x 1200,60,AMD,1.4,"70WHrs, 4S1P, 4-cell Li-ion",22990000
ASUS Vivobook S 16 S5606ca Ri114ws,asus,Intel,,,1.7,16,DDR5,,512,16.0,2880 x 1800,120,Intel,1.5,"75WHrs, 4S1P, 4-cell Li-ion",28990000
ASUS Tuf Gaming A14 Fa401km Rg010ws RYZEN Ai 7,asus,AMD,,3,2.0,32,DDR5,,1024,14.0,2560 x 1600,165,NVIDIA,1.46,"73WHrs, 4S1P, 4-cell Li-ion Sạc lại từ 0-50% trong 30 phút",45150000
ASUS Vivobook S14 S3407ca Ly096ws,asus,Intel,,,2.0,16,DDR5,,512,14.0,1920 x 1200,60,Intel,1.4,"70WHrs, 4S1P, 4-cell Li-ion",25990000
ASUS Rog Strix G16 G615jpr S5107w,asus,Intel,I7,14,2.2,32,DDR5,5600,1024,16.0,2560 x 1600,240,NVIDIA,2.65,"90WHrs, 4S1P, 4-cell Li-ion",51090000
ASUS Rog Strix G16 G615lr S5289w,asus,Intel,,,2.4,16,DDR5,5600,1024,16.0,2560 x 1600,240,NVIDIA,2.65,"90WHrs, 4S1P, 4-cell Li-ion, Sạc từ 0-50% trong 30 phút",57990000
ASUS Rog Zephyrus G14 Ga403wr Qs156ws,asus,AMD,,3,2.0,32,DDR5,8000,1024,14.0,2880 x 1800,120,NVIDIA,1.57,"73WHrs, 4S1P, 4-cell Li-ion Sạc lại từ 0-50% trong 30 phút",71690000
ASUS Zenbook S 13 Oled Ux5304va Nq125w,asus,Intel,I7,71,1.7,16,DDR5,,512,13.3,2880 x 1800,60,Intel,1.0,"63WHrs, 2S2P, 4-cell Li-ion",39990000
ASUS Vivobook 14 A1407ca Ly008ws,asus,Intel,,,1.7,16,DDR5,,512,14.0,1920 x 1200,60,Intel,1.46,"42WHrs, 3S1P, 3-cell Li-ion",22490000
ASUS Rog Zephyrus G16 Gu605cr Qr107w,asus,Intel,,,2.9,32,DDR5,7467,1024,16.0,2560 x 1600,240,NVIDIA,1.95,"90WHrs, 4S1P, 4-cell Li-ion Sạc lại từ 0-50% trong 30 phút",76590000
ASUS Tuf Gaming F16 Fx608jpr Rv044w,asus,Intel,I7,14,2.2,16,DDR5,,1024,16.0,1920 x 1200,165,NVIDIA,2.2,"90WHrs, 4S1P, 4-cell Li-ion",45190000
ASUS Zenbook 14 Ux3405ca Pz368ws,asus,Intel,,,2.0,16,DDR5,,512,14.0,2880 x 1800,120,Intel,1.28,"75WHrs, 2S2P, 4-cell Li-ion",34990000
ASUS Vivobook S14 S5406sa Pp168ws,asus,Intel,,,2.1,16,DDR5,,512,14.0,2880 x 1800,120,Intel,1.3,"75WHrs, 4S1P, 4-cell Li-ion",28490000
ASUS Vivobook S16 S3607ca Sh082ws,asus,Intel,,,1.7,16,DDR5,,512,16.0,1920 x 1200,60,Intel,1.7,"70WHrs, 4S1P, 4-cell Li-ion",23990000
ASUS Vivobook S16 S3607ca Sh083ws,asus,Intel,,,2.0,16,DDR5,,512,16.0,1920 x 1200,60,Intel,1.7,"70WHrs, 4S1P, 4-cell Li-ion",26990000
ASUS Tuf Gaming F15 Fx507zc4 Hn074w,asus,Intel,I5,51,2.5,8,DDR4,3200,1024,15.6,1920 x 1080,144,NVIDIA,2.2,"56WHrs, 4S1P, 4-cell Li-ion",25990000
ASUS Vivobook 15 Oled A1505va Ma468w,asus,Intel,I5,51,2.6,16,DDR4,,512,15.6,2880 x 1620,120,Intel,1.7,"50WHrs, 3S1P, 3-cell Li-ion",20990000
ASUS Vivoboook S 14 Oled S5406ma Pp046ws,asus,Intel,,,1.2,16,DDR5,,512,14.0,2880 x 1800,120,Intel,1.3,"75WHrs, 4S1P, 4-cell Li-ion",26990000
ASUS Rog Strix G16 G614ju N3135w,asus,Intel,I5,51,2.4,16,DDR5,4800,1024,16.0,1920 x 1200,165,NVIDIA,2.5,"90WHrs, 4S1P, 4-cell Li-ion",33990000
ASUS Vivobook S 15 S5507qa Ma092ws Copilot X Plus,asus,,,,3.4,16,DDR5,,512,15.6,2880 x 1620,120,,1.42,"70WHrs, 3S1P, 3-cell Li-ion",26990000
ASUS Vivobook 15 Oled A1505va Ma469w,asus,Intel,I9,91,2.6,16,DDR4,,512,15.6,2880 x 1620,120,Intel,1.7,"50WHrs, 3S1P, 3-cell Li-ion",24990000
ASUS Vivobook 15 Oled S5507qa Ma090ws,asus,,,,3.4,32,DDR5,,1024,15.6,2880 x 1620,120,,1.42,"70WHrs, 3S1P, 3-cell Li-ion",34990000
ASUS Rog Strix G16 G614ju N3480w,asus,Intel,I5,51,2.4,32,DDR5,4800,2048,16.0,1920 x 1200,165,NVIDIA,2.5,"90WHrs, 4S1P, 4-cell Li-ion Sạc lại từ 0-50% trong 30 phút",37990000
ASUS Vivobook 16 M1607ka Mb091ws RYZEN Ai 7,asus,AMD,,3,2.0,16,DDR5,,512,16.0,1920 x 1200,60,AMD,1.88,"42WHrs, 3S1P, 3-cell Li-ion",22990000
ASUS Gaming Vivobook K3605zf Rp634w,asus,Intel,I5,51,2.5,16,DDR4,,512,16.0,1920 x 1200,144,NVIDIA,1.8,"50WHrs, 3S1P, 3-cell Li-ion",20990000
ASUS Vivoboook S 14 Oled S5406ma Pp198ws,asus,Intel,,,1.4,16,DDR5,,512,14.0,2880 x 1800,120,Intel,1.3,"75WHrs, 4S1P, 4-cell Li-ion",29990000
ASUS Tuf Gaming F15 Fx506hf Hn078w,asus,Intel,I5,51,2.9,16,DDR4,3200,1024,15.6,1920 x 1080,144,NVIDIA,2.3,"48WHrs, 3S1P, 3-cell Li-ion",20990000
ASUS Gaming Vivobook K3605zu Rp296w,asus,Intel,I5,51,2.5,16,DDR4,,512,16.0,1920 x 1200,144,NVIDIA,1.8,"70WHrs, 3S1P, 3-cell Li-ion",28490000
ASUS Vivobook S 14 Oled S5406ma Pp136w,asus,Intel,,,1.2,16,DDR5,,1024,14.0,2880 x 1800,120,Intel,1.3,"75WHrs, 4S1P, 4-cell Li-ion",26990000
ASUS Vivobook 14 Oled A1405va Km257w,asus,Intel,I5,51,2.6,16,DDR4,,512,14.0,2880 x 1800,90,Intel,1.6,"50WHrs, 3S1P, 3-cell Li-ion",20990000
ASUS Expertbook B1402cba Nk2669w,asus,Intel,I5,51,1.7,16,DDR4,,512,14.0,1920 x 1080,60,Intel,1.49,"42WHrs, 3S1P, 3-cell Li-ion",19990000
ASUS Vivobook 15 X1504za Nj517w,asus,Intel,I5,51,1.3,16,DDR4,,512,15.6,1920 x 1080,60,Intel,1.7,"42WHrs, 3S1P, 3-cell Li-ion",16490000
ASUS Vivobook 15 Oled A1505va L1201w,asus,Intel,I9,91,2.6,16,DDR4,,512,15.6,1920 x 1080,60,Intel,1.7,"50WHrs, 3S1P, 3-cell Li-ion",24990000
ASUS Tuf Gaming F15 Fx507vv Lp304w,asus,Intel,I7,71,2.4,32,DDR5,4800,1024,15.6,1920 x 1080,144,NVIDIA,2.2,"90WHrs, 4S1P, 4-cell Li-ion",
ASUS Vivobook 14 Oled A1405za Km264w,asus,Intel,I5,51,2.5,16,DDR4,,512,14.0,2880 x 1800,90,Intel,1.6,"50WHrs, 3S1P, 3-cell Li-ion",17990000
ASUS Tuf Gaming A15 Fa507nu Lp140w,asus,AMD,Ryzen 5,7,4.5,16,DDR5,4800,2048,15.6,1920 x 1080,144,NVIDIA,2.2,"90WHrs, 4S1P, 4-cell Li-ion",25990000
ASUS Vivobook 15 X1504za Nj1039w,asus,Intel,I7,71,1.7,16,DDR4,,512,15.6,1920 x 1080,60,Intel,1.7,"42WHrs, 3S1P, 3-cell Li-ion",17990000
ASUS Rog Strix G16 G614jv N4156w,asus,Intel,I7,71,2.6,16,DDR5,4800,2048,16.0,2560x1600,240,NVIDIA,2.5,"90WHrs, 4S1P, 4-cell Li-ion",40990000
ASUS Vivobook Flip 14 Tp470ea Ec346w,asus,Intel,I3,31,,4,DDR4,3200,512,14.0,1920 x 1080,,Intel,1.5,3 Cells 42WHrs,16590000
ASUS Tuf Gaming A15 Fa506nf Hn005w,asus,AMD,,7,3.3,8,DDR5,4800,512,15.6,1920 x 1080,144,NVIDIA,2.3,"48WHrs, 3S1P, 3-cell Li-ion",19990000
ASUS Vivobook Pro M3401qa Km025w,asus,AMD,Ryzen 7,5,,8,DDR4,3200,512,14.0,2880 x 1800,,AMD,1.45,3 Cells 63WHrs,18600000
ASUS Zenbook Duo Ux8406ma Pz307w,asus,Intel,,,1.4,16,DDR5,,512,14.0,2880 x 1800,120,Intel,1.65,"75WHrs, 4S1P, 4-cell Li-ion",49990000
ASUS Vivobook Pro M3401qa Km006w,asus,AMD,Ryzen 5,5,,8,DDR4,3200,512,14.0,2880 x 1800,,AMD,1.4,"3-cell Li-ion, 63 Wh",17800000
ASUS Expertbook P1 P1503cva I5se16 63ws,asus,Intel,I5,51,2.6,16,DDR5,,512,15.6,1920 x 1080,60,Intel,1.65,"63WHrs, 3S1P, 3-cell Li-ion",
ASUS Expertbook P1 P1403cva I5se16 63ws,asus,Intel,I5,51,2.6,16,DDR5,,512,14.0,1920 x 1080,60,Intel,1.45,"63WHrs, 3S1P, 3-cell Li-ion",
ASUS Rog Strix G18 G814jvr N6089w,asus,Intel,I9,14,2.2,32,DDR5,5600,1024,18.0,2560 x 1600,240,NVIDIA,3.0,"90WHrs, 4S1P, 4-cell Li-ion",
ASUS Gaming Rog Strix G531gt Al030t,asus,Intel,I7,79,2.6,8,DDR4,,1024,15.6,1920 x 1080,144,NVIDIA,2.4,3 Cell 48WHr,
ASUS Expertbook P1 P1503cva I7se16 63ws,asus,Intel,I7,71,2.4,16,DDR5,,512,15.6,1920 x 1080,60,Intel,1.65,"63WHrs, 3S1P, 3-cell Li-ion",
ASUS Vivobook 14 X1404va Nk125w,asus,Intel,I5,51,1.3,8,DDR4,3200,256,14.0,1920 x 1080,120,Intel,1.4,"42WHrs, 3-cell Li-ion",
ASUS Gaming Rog Strix G512 Ihn281t,asus,Intel,I5,10,,,,,512,15.6,1920 x 1080,144,NVIDIA,2.4,3 cell /48WHrs - 3S1P,
ASUS Tuf Gaming A15 Fa507uv Lp090w,asus,AMD,Ryzen 9,8,4.0,16,DDR5,5600,2048,15.6,1920 x 1080,144,NVIDIA,2.2,"90WHrs, 4S1P, 4-cell Li-ion",
ASUS Expertbook B1 B1502cva Nj0175w,asus,Intel,I5,51,1.3,16,DDR4,,512,15.6,1920 x 1080,60,Intel,1.69,"42WHrs, 3S1P, 3-cell Li-ion",
ASUS Expertbook B1402cva Nk0177w,asus,Intel,I7,71,1.7,16,DDR4,,512,14.0,1920 x 1080,60,Intel,1.46,"42WHrs, 3S1P, 3-cell Li-ion",
ASUS Expertbook B1 B1502cva Nj0149w,asus,Intel,I3,31,1.2,8,DDR4,,512,15.6,1920 x 1080,60,Intel,1.69,"42WHrs, 3S1P, 3-cell Li-ion",12490000
ASUS Expertbook B1 B1402cva Nk0176w,asus,Intel,I5,51,1.3,16,DDR4,,512,14.0,1920 x 1080,60,Intel,1.46,"42WHrs, 3S1P, 3-cell Li-ion",
ASUS Rog Strix Scar 18 G834jyr R6199,asus,Intel,I9,14,2.2,64,DDR5,5600,2048,18.0,2560 x 1600,240,NVIDIA,3.1,"90WHrs, 4S1P, 4-cell Li-ion",
ASUS Vivobook S 14 Oled S5406ma Pp161w,asus,Intel,,,1.2,16,DDR5,,1024,14.0,2880 x 1800,120,Intel,1.3,"75WHrs, 4S1P, 4-cell Li-ion",
ASUS Tuf Gaming Fx516pm Hn023t,asus,Intel,I7,11,,16,DDR4,,512,15.6,1920 x 1080,144,NVIDIA,2.0,"4-cell Li-ion, 76 Wh",
ASUS Expertbook B1 B1502cva Nj0148w,asus,Intel,I7,71,1.7,8,DDR4,,512,15.6,1920 x 1080,60,Intel,1.69,"42WHrs, 3S1P, 3-cell Li-ion",
ASUS Gaming Fx505dy Al175t,asus,AMD,Ryzen 5,3,2.1,8,DDR4,2666,1024,15.6,1920 x 1080,120,AMD,2.2,3 Cell 48WHr,
ASUS Expertbook B5 B5602cva L20164w,asus,Intel,I5,51,1.9,16,DDR5,,512,16.0,3840 x 2400,60,Intel,1.53,"84WHrs, 4S1P, 4-cell Li-ion",
ASUS Rog Strix G16 G614ji N4125w,asus,Intel,I7,71,2.6,16,DDR5,4800,2048,16.0,2560 x 1600,240,NVIDIA,2.5,"90WHrs, 4S1P, 4-cell Li-ion",46990000
ASUS Expertbook P5 P5405csa Nz0451w,asus,Intel,,,1.6,16,DDR5,,1024,14.0,2560 x 1600,144,Intel,1.27,"63WHrs, 3S1P, 3-cell Li-ion",
ASUS Expertbook P1 P1403cva I7se16 63ws,asus,Intel,I7,71,2.4,16,DDR5,,512,14.0,1920 x 1080,60,Intel,1.45,"63WHrs, 3S1P, 3-cell Li-ion",
ASUS Rog Strix G18 G814jv N6077w,asus,Intel,I7,71,2.6,32,DDR5,4800,1024,18.0,2560 x 1600,240,NVIDIA,3.0,"90WHrs, 4S1P, 4-cell Li-ion Sạc lại từ 0-50% trong 30 phút",
ASUS Vivobook S 14 Oled S5406ma Pp219ws,asus,Intel,,,1.2,16,DDR5,,512,14.0,2880 x 1800,60,Intel,1.3,"75WHrs, 4S1P, 4-cell Li-ion",
ASUS Expertbook B5 B5402cva Ki0123w,asus,Intel,I5,51,1.9,16,DDR5,,512,14.0,1920 x 1080,60,Intel,1.29,"63WHrs, 3S1P, 3-cell Li-ion",
ASUS Expertbook B5 B5402cva Ki0229w,asus,Intel,I7,71,2.2,16,DDR5,,512,14.0,1920 x 1080,60,Intel,1.29,"63WHrs, 3S1P, 3-cell Li-ion",
ASUS Vivobook 15x Oled M3504ya L1268w,asus,AMD,Ryzen 5,7,4.3,16,DDR4,,512,15.6,1920 x 1080,60,AMD,1.7,"50WHrs, 3S1P, 3-cell Li-ion",
ASUS Rog Strix G16 G614jv N3514w,asus,Intel,I7,71,2.6,16,DDR5,4800,1024,16.0,1920 x 1200,165,NVIDIA,2.5,"90WHrs, 4S1P, 4-cell Li-ion (Sạc lại từ 0-50% trong 30 phút)",
ASUS X509ja Ej020t,asus,,I5,,,4,DDR4,,1024,15.6,1920 x 1080,60,Intel,1.9,2 Cell,
ASUS Zenbook Ux425ea Bm069t,asus,Intel,I5,11,,8,DDR4,,512,14.0,1920 x 1080,60,Intel,1.17,4-cell Li-ion,
ASUS Gaming Rog Zephyrus G14 Ga401qm 211 Zg14,asus,,Ryzen 9,,,16,DDR4,3200,1024,14.0,,120,NVIDIA,6.0,"4-cell, 76 WHrs",
ASUS Tuf Gaming F15 Fx507vu Lp197w 16gb,asus,Intel,I7,71,2.4,16,DDR5,4800,2048,15.6,1920 x 1080,144,NVIDIA,2.2,"90WHrs, 4S1P, 4-cell Li-ion",
ASUS X409ja Ek015t,asus,Intel,I3,10,,4,DDR4,2666,512,14.0,1920 x 1080,,Intel,1.5,2-cell Li-ion,
ASUS Expertbook B1 B1402cva Nk0062w,asus,Intel,I5,51,1.3,8,DDR4,,512,14.0,1920 x 1080,60,Intel,1.46,"42WHrs, 3S1P, 3-cell Li-ion",
ASUS Rog Strix G18 G814jir N6108w,asus,Intel,I9,14,2.2,32,DDR5,5600,1024,18.0,2560 x 1600,240,NVIDIA,3.0,"90WHrs, 4S1P, 4-cell Li-ion",
ASUS Zenbook S 13 Oled Ux5304va Nq126w,asus,Intel,I7,71,5.0,32,DDR5,,1024,13.3,2880 x 1800,60,Intel,1.0,63WHrs 4Cell,
ASUS Gaming Rog Strix Scar 18 G834jyr R6011w,asus,Intel,I9,91,,64,DDR5,5600,2048,18.0,2560 x 1600,240,NVIDIA,3.1,"90WHrs, 4S1P, 4-cell Li-ion",
ASUS Gaming Rog Zephyrus G16 Gu605mv Qr196ws,asus,Intel,,,2.3,32,DDR5,,1024,16.0,2560 x 1600,240,NVIDIA,1.85,"90WHrs, 4S1P, 4-cell Li-ion",
ASUS Expertbook B1 B1502cva Nj0050w,asus,Intel,I5,53,1.3,8,DDR4,,512,15.6,1920 x 1080,60,Intel,1.69,"42WHrs, 3S1P, 3-cell Li-ion",
ASUS Rog Strix Scar 16 G634jyr Ra132w,asus,Intel,I9,14,2.2,64,DDR5,5600,2048,16.0,2560 x 1600,240,NVIDIA,2.65,"90WHrs, 4S1P, 4-cell Li-ion Sạc lại từ 0-50% trong 30 phút",
ASUS Rog Strix Scar 18 G834jzr R6160,asus,Intel,I9,14,2.2,32,DDR5,5600,1024,18.0,2560 x 1600,240,NVIDIA,3.1,"90WHrs, 4S1P, 4-cell Li-ion",
ASUS Rog Zephyrus G16 Ga605wi Qr152ws,asus,AMD,,3,2.0,32,DDR5,,1024,16.0,2560 x 1600,240,NVIDIA,1.85,"90WHrs, 4S1P, 4-cell Li-ion Sạc lại từ 0-50% trong 30 phút",
ASUS Expertbook B9403cva Km0351x,asus,Intel,I7,71,1.7,32,DDR5,,1024,14.0,2880 x 1800,90,Intel,0.99,"63WHrs, 3S1P, 3-cell Li-ion",
ASUS Rog Strix G16 G614ju N3506w,asus,Intel,I5,51,2.4,16,DDR5,4800,1024,16.0,1920 x 1200,165,NVIDIA,2.5,"90WHrs, 4S1P, 4-cell Li-ion Sạc lại từ 0-50% trong 30 phút",
ACER Aspire Lite 16 Gen 2 Al16 52p 572a,acer,Intel,I5,51,3.4,16,DDR5,4800,2048,16.0,1920 x 1200,60,Intel,1.7,58Whr 3-cell 65W PD Type-C Adapter,14790000
ACER Gaming Nitro Lite 16 Nl16 71g 71uj,acer,Intel,I7,71,3.6,16,DDR5,4800,2048,16.0,1920 x 1200,165,NVIDIA,1.95,53Wh 3-cell Li-ion battery 100W Type C adapter,23990000
Gaming ACER Nitro V Anv15 51 57b2,acer,Intel,I5,51,4.6,16,DDR5,5200,2048,15.6,1920 x 1080,144,NVIDIA,2.1,"4 Cell, 57 Whr",26990000
Gaming ACER Nitro V Anv15 41 R7ap,acer,AMD,Ryzen 5,7,3.3,16,DDR5,4800,4096,15.6,1920 x 1080,180,NVIDIA,2.1,57Whr 4-cell Adapter: 135W AC adapter,22990000
ACER Gaming Aspire 7 A715 59g 57tu,acer,Intel,I5,51,3.3,16,DDR4,3200,4096,15.6,1920 x 1080,144,NVIDIA,1.99,"Pin Li-ion 3 cell 54,8Wh Bộ đổi nguồn AC 150W",20490000
ACER Aspire Go 15 Ag15 51p 3151,acer,Intel,I3,31,1.2,8,DDR5,5600,2048,15.3,1920 x 1200,60,Intel,1.7,"53 Wh 3-cell, 65W PD PCR 50%, TCO 9.0 AC adapter",10990000
Gaming ACER Nitro V Anv15 51 72vs,acer,Intel,I7,71,4.9,16,DDR5,5200,2048,15.6,1920 x 1080,144,NVIDIA,2.1,"4 cell, 57Wh",25990000
ACER Gaming Nitro Lite 16 Nl16 71g 56wq,acer,Intel,I5,51,3.4,16,DDR5,4800,2048,16.0,1920 x 1200,165,NVIDIA,1.95,Pin Li-ion 3 cell 53Wh Bộ chuyển đổi TypeC 100W,21990000
ACER Nitro V Anv15 41 R2up,acer,AMD,Ryzen 5,6,3.3,16,DDR5,4800,4096,15.6,1920 x 1080,165,NVIDIA,2.1,"57Whr 4-cell, 135W AC Adapter",18690000
ACER Gaming Nitro V 15 Propanel Anv15 41 R7cr,acer,AMD,Ryzen 5,7,3.3,16,DDR5,4800,4096,15.6,1920 x 1080,180,NVIDIA,2.1,"57Whr 4-cell Li-ion Battery, 135W AC Adapter",26990000
ACER Aspire Lite 14 Al14 71m 52gq,acer,Intel,I5,51,4.5,16,DDR5,4800,2048,14.0,1920 x 1200,60,Intel,1.55,3 cell 58WHrs,15990000
Gaming ACER Nitro V 15 Propanel Anv15 51 73bt,acer,Intel,I7,71,3.6,16,DDR5,5200,4096,15.6,1920 x 1080,180,NVIDIA,2.1,57Whr 4-cell 135W 5.5 PHY Adapter,27990000
ACER Gaming Nitro V 15 Propanel Anv15 41 R9m1,acer,AMD,Ryzen 5,7,3.3,16,DDR5,4800,4096,15.6,1920 x 1080,180,NVIDIA,2.1,Pin Li-ion 4 cell 57Whr Bộ đổi nguồn AC 135W,21990000
ACER Aspire 3 A315 58 53s6,acer,Intel,I5,51,2.4,8,DDR4,2400,2048,15.6,1920 x 1080,60,Intel,1.7,36.7 Wh 2-cell Li-ion battery,15990000
ACER Aspire Lite Gen 2 Al14 52m 32kv,acer,Intel,I3,31,3.3,8,DDR5,4800,2048,14.0,1920 x 1200,60,Intel,1.5,Pin Li-ion 3 cell 58Wh Bộ chuyển đổi 65W PD Type C,9990000
ACER Aspire Lite 15 Al15 41p R3u5,acer,AMD,Ryzen 7,5,1.8,16,DDR4,3200,2048,15.6,1920 x 1080,60,AMD,1.7,"Pin Li-ion 3 cell 58Wh, Bộ chuyển đổi 65W PD Type C",12990000
ACER Aspire Lite 16 Al16 51p 72s2,acer,Intel,I7,71,3.5,24,DDR5,4800,2048,16.0,1920 x 1200,60,Intel,1.8,Li-ion Battery 58Whr 3-cell 65W PD Type-C Adapter,16990000
ACER Aspire Lite 15 Al15 42p R08m,acer,AMD,Ryzen 7,7,2.0,16,DDR4,3200,2048,15.6,1920 x 1080,60,AMD,1.7,58Wh 3-cell Li-ion battery 65W Type-C Adapter,15490000
ACER Aspire Lite 15 Al15 71p 517d,acer,Intel,I5,51,4.4,16,DDR4,4800,512,15.6,1920 x 1080,60,Intel,1.79,58Wh 3-cell Li-ion battery,15490000
ACER Gaming Aspire 7 A715 59g 73lb,acer,Intel,I7,71,3.5,16,DDR4,3200,4096,15.6,1920 x 1080,144,NVIDIA,1.99,"Pin Li-ion 3 cell 54,8Wh Bộ đổi nguồn AC 150W",23990000
ACER Gaming Nitro V 15 Propanel Anv15 41 R0fe,acer,AMD,Ryzen 7,7,3.2,16,DDR5,4800,4096,15.6,1920 x 1080,180,NVIDIA,2.1,"57Whr 4-cell Li-ion Battery, 135W AC Adapter",25990000
ACER Aspire Lite Al16 51p 55n7,acer,Intel,I5,51,3.3,16,DDR5,4800,2048,16.0,1920 x 1200,60,Intel,1.8,58Whr 3-cell 65W PD Type-C Adapter,14990000
ACER Nitro V 15 Propanel Anv15 51 73uu,acer,Intel,I7,71,3.6,16,DDR5,5200,4096,15.6,1920 x 1080,180,NVIDIA,2.1,"57Whr 4-cell, 135W 5.5 PHY Adapter",27990000
ACER Gaming Predator Helios Neo 16 Ai Phn16 73 757w,acer,Intel,,,4.5,32,DDR5,6400,1024,16.0,2560 x 1600,240,NVIDIA,2.7,Pin Li-ion 4 cell 90Wh Bộ đổi nguồn AC 230W,54990000
ACER Gaming Nitro V 15 Propanel Anv15 52 59aa,acer,Intel,I5,51,3.4,16,DDR4,3200,2048,15.6,1920 x 1080,180,NVIDIA,2.1,Pin Li-ion 4 cell 76Wh Bộ chuyển đổi 135W 5.5PHY,28990000
ACER Aspire Lite 15 Al15 72p 581v,acer,Intel,I5,51,3.5,16,DDR5,4800,2048,15.6,1920 x 1080,60,Intel,1.79,Pin Li-ion 3 cell 58Wh Bộ đổi nguồn AC 90W,15990000
ACER Aspire Lite 15 Al15 72p 7232,acer,Intel,I7,71,3.6,16,DDR5,4800,2048,15.6,1920 x 1080,60,Intel,1.79,58Wh 3-cell Li-ion battery 90W AC adapter,16990000
ACER Gaming Nitro V 15 Propanel Anv15 41 R0y4,acer,AMD,Ryzen 7,7,3.2,16,DDR5,4800,4096,15.6,1920 x 1080,180,NVIDIA,2.1,Pin Li-ion 4 cell 57Whr Bộ đổi nguồn AC 135W,26990000
ACER Gaming Nitro V 15 Propanel Anv15 52 72bm,acer,Intel,I7,71,3.6,16,DDR4,3200,2048,15.6,1920 x 1080,180,NVIDIA,2.1,Pin Li-ion 4 cell 76Wh Bộ chuyển đổi 135W 5.5PHY,30990000
ACER Swift Lite 14 Ai Sfl14 51m 56hs,acer,Intel,,,3.6,16,DDR5,4800,2048,14.0,1920 x 1200,60,Intel,1.27,58Whr 3-cell 65W PD Type-C Adapter,19990000
ACER Swift Lite 14 Ai Sfl14 51m 78xz,acer,Intel,,,3.8,16,DDR5,5600,2048,14.0,1920 x 1200,60,Intel,1.27,58Whr 3-cell 65W PD Type-C Adapter,22990000
ACER Aspire Go 14 Ai Ag14 71m 57wr,acer,Intel,,,3.6,16,DDR5,5600,2048,14.0,1920 x 1200,60,Intel,1.5,Pin Li-ion 3 cell 55 Wh Bộ chuyển đổi AC USB Type-C 65 W PD,18990000
ACER Swift 14 Ai Sf14 51 53p9,acer,Intel,,,3.5,16,DDR5,8533,1024,14.0,2880 x 1800,90,Intel,1.26,"Pin Li-ion 3 cell 65 Wh 3 pin USB Type-C 65 W PD PCR 50%, Bộ đổi nguồn AC TCO 9.0",34990000
ACER Gaming Nitro V 16 Ai Propanel Anv16s 61 R9zv,acer,AMD,,3,5.0,32,DDR5,5600,4096,16.0,2560 x 1600,180,NVIDIA,2.1,Pin Li-ion 4 cell 76Wh Bộ đổi nguồn AC 135W,44990000
ACER Swift 14 Ai Sf14 51 75vp,acer,Intel,,,3.7,32,DDR5,8533,1024,14.0,2880 x 1800,90,Intel,1.26,"Pin Li-ion 3 cell 65 Wh 3 pin USB Type-C 65 W PD PCR 50%, Bộ đổi nguồn AC TCO 9.0",39990000
ACER Aspire Ai A14 61m R9ra,acer,AMD,,3,3.4,16,DDR5,8533,2048,14.0,1920 x 1200,120,AMD,1.25,"65Wh 4-cell Li-ion battery, 65W TypeC adapter",
ACER Gaming Predator Helios 16 Ai Ph16 73 950c,acer,Intel,,,4.6,32,DDR5,6400,2048,16.0,2560 x 1600,240,NVIDIA,2.65,"90Wh 4-cell Li-ion battery, 330W AC Adapter",
ACER Swift Edge 14 Ai Sfe14 51t 52kd,acer,Intel,,,3.5,32,DDR5,8533,2048,14.0,2880 x 1800,120,Intel,0.99,65Wh 3-cell Li-ion battery - Công nghệ sạc nhanh 100W TypeC adapter,
ACER Predator Triton Neo 16 Ptn16 51 78jq,acer,Intel,,,3.8,32,DDR5,7467,2048,16.0,2560 x 1600,240,NVIDIA,2.4,"76Whr, 230W 5.5Phy Adapter",
ACER Swift X Ai Oled Sfx14 72g 79uw,acer,Intel,,,1.4,32,DDR5,6400,1024,14.5,2880 x 1800,120,NVIDIA,1.5,"76 Whr 4-cell, Adapter: 100W Type-C adapter",
ACER Gaming Nitro 16 Ai Propanel An16s 61 R5f4,acer,AMD,,3,3.5,16,DDR5,5600,4096,16.0,1920 x 1200,180,NVIDIA,2.18,Pin Li-ion 4 cell 76Wh Bộ đổi nguồn AC 230W,42990000
ACER Gaming Predator Helios 16 Ai Ph16 73 93hd,acer,Intel,,,4.6,32,DDR5,6400,2048,16.0,2560 x 1600,240,NVIDIA,2.65,"90Wh 4-cell Li-ion battery, 330W AC Adapter",
ACER Aspire 5 A515 58p 71ej,acer,Intel,I7,71,3.7,16,DDR5,4800,1024,15.6,1920 x 1080,60,Intel,1.7,50 Wh 3-cell Li-ion battery,
ACER Swift X Sfx14 71g 78sy,acer,Intel,I7,71,3.7,32,DDR5,4800,1024,14.5,2880 x 1800,120,NVIDIA,1.5,76Wh Li-ion battery,
ACER Aspire Go 15 Ag15 72p 776j,acer,Intel,,,1.2,16,DDR4,3200,2048,15.6,1920 x 1080,60,Intel,1.53,"55Wh 3-cell Li-ion battery, 65W Type-C Adapter",
ACER Swift X Ai Oled Sfx14 72g 708x,acer,Intel,,,1.4,32,DDR5,6400,1024,14.5,2880 x 1800,120,NVIDIA,1.5,"76 Whr 4-cell, Adapter: 100W Type-C adapter",
ACER Gaming Nitro V 16 Ai Propanel Anv16s 61 R0b8,acer,AMD,,3,4.8,16,DDR5,5600,4096,16.0,1920 x 1200,180,NVIDIA,2.1,Pin Li-ion 4 cell 76Wh Bộ đổi nguồn AC 135W,34990000
ACER Swift X Ai Oled Sfx14 72g 77f9,acer,Intel,,,1.4,32,DDR5,6400,1024,14.5,2880 x 1800,120,NVIDIA,1.5,"76 Whr 4-cell, Adapter: 100W Type-C adapter",
ACER Aspire Go 14 Ag14 72p 563l,acer,Intel,,,3.8,16,DDR4,3200,2048,14.0,1920 x 1200,60,Intel,1.4,"55Wh 3-cell Li-ion battery, 65W Type-C Adapter",
ACER Aspire Lite 15 Al15 42p R8e6,acer,AMD,Ryzen 5,7,2.3,16,DDR4,3200,2048,15.6,1920 x 1080,60,AMD,1.7,"58Wh 3-cell Li-ion battery, 65W Type-C Adapter",
Gaming ACER Nitro 5 Tiger An515 58 52sp,acer,Intel,I5,51,4.5,16,DDR4,3200,2048,15.6,1920 x 1080,144,NVIDIA,2.5,"4-cell, 57.5 Wh",27990000
ACER Gaming Aspire 7 A715 76 53pj,acer,Intel,I5,51,4.4,16,DDR4,3200,1024,15.6,1920 x 1080,60,Intel,2.1,"3-cell, 50Wh",16990000
ACER Swift Go 14 Ai Sfg14 73 71zx,acer,Intel,,71,3.8,16,DDR5,6400,512,14.0,2880 x 1800,120,Intel,1.3,"4 cell 65 Wh , Pin liền",26990000
ACER Gaming Aspire 5 A515 58gm 53pz,acer,Intel,I5,51,3.4,16,DDR4,3200,2048,15.6,1920 x 1080,60,NVIDIA,1.7,50Wh Li-ion,20490000
ACER Aspire 7 A715 76g 5806,acer,Intel,I5,12,2.0,16,DDR4,3200,1024,15.6,1920 x 1080,144,NVIDIA,2.1,"3-cell Li-ion, 50 Wh",22990000
Gaming ACER Nitro V Anv15 51 55ca,acer,Intel,I5,51,4.6,16,DDR5,5200,2048,15.6,1920 x 1080,144,NVIDIA,2.1,"4 cell, 57Wh",27990000
Gaming ACER Nitro V Anv15 51 58an,acer,Intel,I5,51,4.6,16,DDR5,5200,2048,15.6,1920 x 1080,144,NVIDIA,2.1,4 cell - 57 Wh,21490000
Gaming ACER Nitro 5 Eagle An515 57 54mv,acer,Intel,I5,51,2.6,8,DDR4,3200,2048,15.6,1920 x 1080,144,NVIDIA,2.2,"4-cell, 57.5 Wh",26490000
ACER Aspire 3 A314 42p R3b3,acer,AMD,Ryzen 7,5,4.3,16,DDR4,,1024,14.0,1920 x 1200,60,AMD,1.4,3 cell 50 Wh,13990000
ACER Aspire 3 Spin 14 A3sp14 31pt 387z,acer,Intel,I3,,,8,DDR5,,512,14.0,1920 x 1200,60,Intel,1.5,40Wh Li-ion battery,14990000
ACER Gaming Aspire 7 A715 76g 73fm,acer,Intel,I7,71,,16,DDR4,3200,1024,15.6,1920 x 1080,144,NVIDIA,2.1,50 Wh 3-cell Li-ion battery,23990000
Gaming ACER Nitro 5 An515 58 52sp 43910,acer,Intel,I5,51,3.3,8,DDR4,3200,2048,15.6,1920 x 1080,,NVIDIA,2.5,"4-cell, 57.5 Wh",27990000
ACER Aspire 3 A315 58 529v Nx Addsv 00n,acer,Intel,I5,51,2.4,8,DDR4,2400,2048,15.6,1920 x 1080,60,Intel,1.7,36.7Wh,
Gaming ACER Nitro V Anv16 41 R6na,acer,AMD,Ryzen 7,8,3.8,16,DDR5,5600,2048,16.0,1920 x 1200,165,NVIDIA,2.5,57Whr 4-cell Adapter: 135W AC adapter,34990000
ACER Aspire 7 A715 76g 55t6,acer,Intel,I5,12,3.3,16,DDR4,3200,1024,15.6,1920 x 1080,144,NVIDIA,2.1,50 Wh Lithium-ion,
Gaming ACER Nitro V Anv16 41 R7en,acer,AMD,Ryzen 7,8,3.8,16,DDR5,5600,4096,16.0,1920 x 1200,165,NVIDIA,2.5,57Whr 4-cell Adapter: 135W AC adapter,28790000
Gaming ACER Nitro V Anv16 41 R36y,acer,AMD,Ryzen 7,8,3.8,16,DDR5,5600,2048,16.0,1920 x 1200,165,NVIDIA,2.5,57Whr 4-cell Adapter: 135W AC adapter,31990000
ACER Gaming Nitro 16 Ai Propanel An16s 61 R193,acer,AMD,,3,2.0,16,DDR5,5600,4096,16.0,2560 x 1600,180,NVIDIA,2.18,"76Wh 4-cell Li-ion battery, 230W 5.5PHY Adapter",
ACER Gaming Nitro V 16 Ai Propanel Anv16s 61 R7kq,acer,AMD,,3,2.0,16,DDR5,,4096,16.0,1920 x 1200,180,NVIDIA,2.1,"76Wh 4-cell Li-ion battery, 135W 5.5PHY Adapter",
ACER Gaming Aspire 7 A715 59g 78wg,acer,Intel,I7,71,3.6,16,DDR4,3200,4096,15.6,1920 x 1080,144,NVIDIA,2.07,"54.8Wh 4-cell Li-ion, 150W adapter",
ACER Aspire 3 A315 42 R4xd,acer,,Ryzen 5,,2.1,8,,,512,15.6,,,Intel,1.7,2 cell,
ACER Aspire Go 15 Ag15 72p 54gy,acer,Intel,,,3.8,16,DDR4,3200,2048,15.6,1920 x 1080,60,Intel,1.53,"55Wh 3-cell Li-ion, 65W Type-C Adapter",
Gaming ACER Nitro 5 An515 55 5923,acer,Intel,I5,10,,8,DDR4,2933,512,15.6,1920 x 1080,,NVIDIA,2.3,Lithium-ion,
ACER Aspire Lite 16 Gen 2 Al16 52p 76du,acer,Intel,I7,13,1.7,16,DDR5,4800,2048,16.0,1920 x 1200,60,Intel,1.7,"3-cell Li-ion, 58 Wh",
ACER Gaming Predator Helios Neo Phn16 72 78l4,acer,Intel,I7,71,3.9,16,DDR5,5600,1024,16.0,2560 x 1600,240,NVIDIA,2.8,90Whr 4-cell 230W 5.5Phy Adapter,
ACER Aspire 3 A315 44p R9w8,acer,AMD,Ryzen 7,5,1.8,8,DDR4,3200,2048,15.6,1920 x 1080,60,AMD,1.7,50 Wh 3-cell Li-ion battery,
Gaming ACER Nitro 5 An515 45 R6ev Nhqbmsv 006,acer,AMD,Ryzen 5,5,,16,DDR4,3200,512,15.6,1920 x 1080,,NVIDIA,2.2,"4-cell Li-ion, 57 Wh",
ACER Gaming Nitro V 16 Ai Propanel Anv16s 71 75lr,acer,Intel,,,1.8,32,DDR5,5600,4096,16.0,2560 x 1600,180,NVIDIA,2.1,"76Wh 4-cell Li-ion battery, 135W_5.5PHY adapter",
ACER Aspire Go 15 Ag15 72p 35x9,acer,Intel,I3,31,3.3,8,DDR4,3200,2048,15.6,1920 x 1080,60,Intel,1.53,"55Wh 3-cell Li-ion, 65W Type-C Adapter",
Gaming ACER Nitro V Anv16 41 R6zy,acer,AMD,Ryzen 5,8,4.3,16,DDR5,5600,4096,16.0,1920 x 1200,165,NVIDIA,2.5,57Whr 4-cell Adapter: 135W AC adapter,27490000
ACER Gaming Nitro V 15 Propanel Anv15 52 59rr,acer,Intel,,,3.6,16,DDR4,3200,2048,15.6,1920 x 1080,180,NVIDIA,2.1,"76Wh 4-cell Li-ion battery, 135W 5.5PHY Adapter",
ACER Nitro V 16 Propanel Anv16 41 R36y,acer,AMD,Ryzen 7,8,3.8,16,DDR5,5600,2048,16.0,1920 x 1200,165,NVIDIA,2.5,57Whr 4-cell Adapter: 135W AC adapter,
ACER Gaming Aspire 5 A515 58gm 598j,acer,Intel,I5,51,4.6,16,DDR4,3200,2048,15.6,1920 x 1080,144,NVIDIA,1.78,50 Wh,
ACER Gaming Aspire 7 A715 76 728x,acer,Intel,I7,12,3.5,16,DDR4,,512,15.6,1920 x 1080,60,Intel,2.1,,19990000
ACER Aspire 5 A515 58p 56rp,acer,Intel,I5,51,3.4,16,DDR5,,2048,15.6,1920 x 1080,,Intel,1.7,50Wh Li-ion battery,16990000
ACER Gaming Nitro V 15 Anv15 41 R732,acer,AMD,Ryzen 5,6,3.3,16,DDR5,4800,4096,15.6,1920 x 1080,165,NVIDIA,2.1,"57Whr 4-cell, 135W 5.5PHY Adapter",
ACER Gaming Nitro V 16s Propanel Anv16s 41 R337,acer,AMD,Ryzen 7,2,3.8,16,DDR5,5600,4096,16.0,1920 x 1200,180,NVIDIA,2.1,"76Wh 4-cell Li-ion battery, 135W 5.5PHY Adapter",
ACER Aspire 5 A514 56p 55k5,acer,Intel,I5,51,1.3,16,DDR5,6400,512,14.0,1200 x 1920,,Intel,1.5,"3 cell 50 Wh , Pin liền",16990000
ACER Gaming Aspire 7 A715 59g 55md,acer,Intel,I5,51,3.4,16,DDR4,3200,4096,15.6,1920 x 1080,144,NVIDIA,2.07,"54.8Wh 4-cell Li-ion, 150W adapter",
ACER Swift Go 14 Ai Sfg14 75 5264,acer,Intel,,,3.5,16,DDR5,8533,2048,14.0,1920 x 1200,60,Intel,1.24,"65Wh 4-cell Li-ion battery, 100W TypeC adapter",
ACER Swift Go 14 Sfg14 41 R251,acer,AMD,Ryzen 5,7,4.3,16,DDR4,4800,1024,14.0,1920 x 1080,60,AMD,1.25,"50Wh Li-ion, 65W Type-C adapter",
MSI Katana 15 B13vfk 676vn,msi,Intel,I7,71,3.6,16,DDR5,5200,1024,15.6,1920 x 1080,144,NVIDIA,2.25,"3 cell, 53.5Whr",30990000
MSI Katana 15 B13udxk 2270vn 16gb,msi,Intel,I5,51,2.6,16,DDR5,5200,1024,15.6,1920 x 1080,144,NVIDIA,2.25,3-Cell,22990000
MSI Modern 14 C12mo 660vn,msi,Intel,I5,51,4.4,16,DDR4,3200,512,14.0,1920 x 1080,,Intel,1.4,39Wh,15990000
MSI Gaming Katana A15 Ai B8ve 402vn,msi,AMD,,7,,16,DDR5,5600,512,15.6,1920 x 1080,144,NVIDIA,2.25,3-Cell 53.5 Battery (Whr),28990000
MSI Katana 15 Hx B14wek 286vn,msi,Intel,I5,14,,16,DDR5,5600,4096,15.6,2560 x 1440,165,NVIDIA,2.4,4 cell 75 Whrs,33690000
MSI Modern 14 F13mg 240vncp,msi,Intel,I5,51,4.6,16,DDR4,3200,512,14.0,1920 x 1080,60,Intel,1.5,3 Cell Int (46.8Wh),14590000
MSI Gaming Thin 15 B13uc 3247vn,msi,Intel,I5,51,,16,DDR4,3200,4096,15.6,1920 x 1080,144,NVIDIA,1.86,3CELLS/3S1P,19590000
MSI Katana 15 B13vek 2256vn,msi,Intel,I7,71,,16,DDR5,5200,512,15.6,1920 x 1080,144,NVIDIA,2.25,"3-cell, 53.5WHr",26990000
MSI Stealth A16 Ai A3xwfg 018vn RYZEN Ai 9,msi,AMD,,3,2.0,32,DDR5,5600,1024,16.0,2560 x 1600,240,NVIDIA,2.1,4 cell / 99.9 Whr,63690000
MSI Gaming Thin 15 B13uc 2081vn,msi,Intel,I5,51,,16,DDR4,3200,512,15.6,1920 x 1080,144,NVIDIA,1.86,3-Cell 52.4 Battery (Whr),20990000
MSI Stealth A16 Ai A3xwhg 085vn RYZEN Ai 9,msi,AMD,,3,,32,DDR5,,1024,16.0,2560 x 1600,240,NVIDIA,2.1,"4-cell, 99.9 Whr",73990000
MSI Cyborg 15 A13uc 2082vn,msi,Intel,I7,71,,16,DDR5,5600,4096,15.6,1920 x 1080,144,NVIDIA,1.98,3 Cells 53.5 Whrs,20990000
MSI Modern 14 F13mg 466vn,msi,Intel,I5,13,1.3,24,DDR4,3200,512,14.0,1920 x 1080,60,Intel,1.5,"3-cell, 46.8 Wh",15990000
MSI Gaming Thin 15 B13ve 2824vn,msi,Intel,I5,51,,16,DDR4,3200,512,15.6,1920 x 1080,144,NVIDIA,1.86,"3-cell, 52.4WHr",22990000
MSI Katana 15 B13udxk 2411vn,msi,Intel,I7,71,4.9,16,DDR5,5200,512,15.6,1920 x 1080,144,NVIDIA,2.304,3 Cell Int (53.5Wh),24490000
MSI Katana 15 B13udxk 2269vn 16gb,msi,Intel,I7,71,2.4,16,DDR5,5200,1024,15.6,1920 x 1080,144,NVIDIA,2.25,3-Cell,24990000
MSI Cyborg 15 B2rwekg 402vn,msi,Intel,,,4.8,16,DDR5,5200,512,15.6,1920 x 1080,144,NVIDIA,2.207,4 Cell Int (55.2Wh),27690000
MSI Katana 15 B13udxk 2213vn,msi,Intel,I5,51,3.5,16,DDR5,5200,1024,15.6,1920 x 1080,144,NVIDIA,2.25,"3 cell, 53.5Whr",23490000
MSI Katana 15 Hx B14wek 027vn,msi,Intel,I7,71,2.2,32,DDR5,5600,512,15.6,2560 x 1440,165,NVIDIA,2.4,"4 cell 75 Wh , Pin liền",37690000
MSI Gaming Thin 15 B13uc 1411vn 24gb,msi,Intel,I7,71,,24,DDR4,3200,512,15.6,1920 x 1080,144,NVIDIA,1.86,"3-cell, 52.4WHr",20990000
MSI Cyborg 14 A13udx 099vn,msi,Intel,I7,71,4.9,16,DDR5,5200,512,14.0,1920 x 1200,144,NVIDIA,1.6,"3 cell, 53.5Whr",25390000
MSI Modern 14 C12m 241vn,msi,Intel,I7,71,4.7,8,DDR4,3200,512,14.0,1920 x 1080,60,Intel,1.4,39 Wh,19990000
MSI Venture 14 Ai A1mg 005vn,msi,Intel,,,,16,DDR5,5600,512,14.0,2880 x 1800,120,Intel,1.7,"4-cell, 55.2WHr",24490000
MSI Katana 15 Hx B14wek 295vn,msi,Intel,I9,91,1.6,16,DDR5,5600,512,15.6,2560 x 1440,165,NVIDIA,2.4,4 cell / 75 Whr,37690000
MSI Katana 15 Hx B14wfk 294vn,msi,Intel,I9,91,1.6,16,DDR5,5600,512,15.6,2560 x 1440,165,NVIDIA,2.4,4 cell / 75 Whr,40190000
MSI Prestige 14 Ai Studio C1udxg 058vn,msi,Intel,,,4.8,16,DDR5,5600,1024,14.0,1920 x 1200,144,NVIDIA,1.7,4-Cell 90 Whrs,30990000
MSI Katana 15 Hx B14wgk 022vn,msi,Intel,I9,91,1.6,32,DDR5,5600,1024,15.6,2560 x 1440,165,NVIDIA,2.4,4 cell / 75 Whr,48090000
MSI Vector 16 Hx Ai A2xwhg 010vn,msi,Intel,,,5.2,16,DDR5,5600,512,16.0,2560 x 1600,240,NVIDIA,2.7,4-Cell 90 Whrs (Whr),54990000
MSI Prestige 16 Ai Evo B2vmg 016vn,msi,Intel,,,,32,DDR5,8533,1024,16.0,3840 x 2400,60,Intel,1.5,"4-cell, 99.9WHr",45990000
MSI Sword 16 Hx B14vfkg 045vn,msi,Intel,I7,71,2.1,16,DDR5,5600,1024,16.0,2560 x 1600,240,NVIDIA,2.3,"4 cell 65 Wh, pin liền",38990000
MSI Prestige 13 Ai Ukiyoe Edition A2vmg 075vn,msi,Intel,,,5.1,32,DDR5,8533,2048,13.3,2880 x 1800,60,Intel,0.976,4 Cell Int (75Wh),47990000
MSI Venture A16 Ai A3hmg 017vn RYZEN Ai 7,msi,AMD,,3,,16,DDR5,5600,512,16.0,2048 x 1280,120,AMD,1.9,"4-cell, 75WHr",29990000
MSI Venture Pro 16 Ai A1veg 003vn,msi,Intel,,,0.9,16,DDR5,5600,512,16.0,2048 x 1280,120,NVIDIA,1.9,"4 cell, 55.2Whr",35990000
MSI Katana 15 Hx B14wfk 025vn,msi,Intel,I7,14,,16,DDR5,5600,4096,15.6,2560 x 1440,165,NVIDIA,2.4,4 cell 75 Whrs,38190000
MSI Modern 14 C13m 458vn,msi,Intel,I5,51,1.3,8,DDR4,3200,512,14.0,1920 x 1080,60,Intel,1.4,"3 cell, 39.3Whr",17990000
MSI Crosshair 16 Hx D2xwfkg 070vn,msi,Intel,,,5.4,16,DDR5,5600,1024,16.0,2560 x 1600,240,NVIDIA,2.5,4 Cell int (240W),46990000
MSI Sword 16 Hx B14vekg 459vn,msi,Intel,I7,14,,16,DDR5,5600,1024,16.0,1920 x 1200,144,NVIDIA,2.3,"4-cell, 65WHr",35990000
MSI Sword 16 Hx B14vekg 856vn,msi,Intel,I7,71,5.5,16,DDR5,5600,1024,16.0,1920 x 1200,165,NVIDIA,2.3,"4-cell, 65WHr",35990000
MSI Prestige 13 Ai Evo A2vmg 040vn,msi,Intel,,,,32,DDR5,8533,1024,13.3,2880 x 1800,60,Intel,0.99,"4-cell, 75WHr",38990000
MSI Crosshair 16 Hx D2xwfkg 036vn,msi,Intel,,,5.2,16,DDR5,5600,1024,16.0,2560 x 1600,240,NVIDIA,2.5,4 Cell int (240W),44990000
MSI Prestige 13 Ai Evo A2vmg 062vn,msi,Intel,,,1.0,32,DDR5,8533,1024,13.3,2880 x 1800,60,Intel,0.97,4 Cell Int (75Wh),36990000
MSI Raider 18 Hx Ai A2xwig 033vn,msi,Intel,,,2.8,64,DDR5,6400,4096,18.0,3840 x 2400,120,NVIDIA,3.6,4-Cell  99.9 Whrs (Whr),129990000
MSI Gaming Thin 15 B12uc 1416vn 16gb,msi,Intel,I5,51,,16,DDR4,3200,512,15.6,1920 x 1080,144,NVIDIA,1.86,"3-cell, 52.4WHr",19490000
MSI Katana 15 B13vfk 2099vn,msi,Intel,I7,71,1.8,32,DDR5,5200,1024,15.6,1920 x 1080,144,NVIDIA,2.25,3 cell / 53.5 Whr,32990000
MSI Katana 15 Hx B14wfk 267vn,msi,Intel,I7,14,,32,DDR5,5600,4096,15.6,2560 x 1440,165,NVIDIA,2.4,4 cell 75 Whrs,40190000
MSI Prestige 14 Evo B13m 401vn,msi,Intel,I5,13,2.6,16,DDR5,4800,512,14.0,1920 x 1200,60,Intel,1.49,4-Cell 72 Battery (Whr),19990000
MSI Gaming Gf63 Thin 11uc 1228vn,msi,Intel,I7,71,2.3,8,DDR4,3200,512,15.6,1920 x 1080,144,NVIDIA,1.85,3-Cell 52.4 (Whr),20990000
MSI Prestige 13 Ai Evo A1mg 240vn,msi,Intel,,,50.0,32,DDR5,8533,512,13.3,2880 x 1800,60,Intel,0.96,4 Cell Int (75Wh),30990000
MSI Modern 14 B11mou 1033vn,msi,Intel,I7,71,2.9,8,DDR4,3200,512,14.0,1920 x 1080,60,Intel,1.3,3-Cell 39WHrs,21990000
MSI Prestige 14 Ai Studio C1veg 056vn,msi,Intel,,,4.8,32,DDR5,5600,1024,14.0,2880 x 1800,60,NVIDIA,1.7,4-Cell 90 Whrs,36990000
MSI Katana 15 B13vek 2256vn 32gb,msi,Intel,I7,71,,32,DDR5,5200,512,15.6,1920 x 1080,144,NVIDIA,2.25,"3-cell, 53.5WHr",26990000
MSI Crosshair 16 Hx D2xwfkg 078vn,msi,Intel,,,5.2,32,DDR5,5600,1024,16.0,2560 x 1600,240,NVIDIA,2.5,4 Cell int (240W),46990000
MSI Modern 14 B11mou 1065vn,msi,Intel,I7,71,2.9,8,DDR4,3200,512,14.0,1920 x 1080,,Intel,1.3,"3 Cell, 39Whr",16100000
MSI Gaming Gf63 Thin 11uc 1230vn,msi,Intel,I5,51,,8,DDR4,3200,512,15.6,1920 x 1080,,NVIDIA,1.86,3-Cell 52.4 (Whr),
MSI Modern 14 B11mou 1030vn,msi,Intel,I3,31,,8,DDR4,3200,256,14.0,1920 x 1080,,Intel,1.3,"3 cell , 39Whr",14990000
MSI Prestige 13 Evo A13m 081vn,msi,Intel,I7,71,5.0,16,DDR5,4800,1024,13.3,1920 x 1200,,Intel,0.99,75Wh 4 Cell,
MSI Modern 15 H C2rmg 287vn,msi,Intel,,,5.2,16,DDR4,3200,1024,15.6,1920 x 1080,60,Intel,1.946,3 Cell Int (39.3Wh),
MSI Modern 15 H Ai C2hmg 220vn,msi,Intel,,,5.1,16,DDR5,5600,512,15.6,1920 x 1080,60,Intel,1.946,3 Cell Int (39.3Wh),
MSI Stealth A16 Ai A3xvgg 208vn,msi,AMD,,3,,32,DDR5,7500,2048,16.0,3840 x 2400,120,NVIDIA,2.1,"4-cell, 99.9WHr",
MSI Cyborg 15 A12udx 621vn,msi,Intel,I5,51,3.3,8,DDR5,4800,512,15.6,1920 x 1080,144,NVIDIA,1.98,"3 Cell, 53.5WHrs",
MSI Katana 15 B13udxk 2269vn,msi,Intel,I7,71,2.4,8,DDR5,5200,1024,15.6,1920 x 1080,144,NVIDIA,2.25,3-Cell,25990000
MSI Modern 14 B7m 221vn,msi,AMD,Ryzen 7,7,2.0,8,DDR4,3200,512,14.0,1920 x 1080,60,AMD,1.4,39.3Wh,
MSI Cyborg 15 A12uc 621vn,msi,Intel,I5,51,4.4,8,DDR5,4800,512,15.6,1920 x 1080,144,NVIDIA,1.95,"3 cell, 53.5Whr",
MSI Cyborg 15 A13uc 861vn,msi,Intel,I5,51,,16,DDR5,,512,15.6,1920 x 1080,144,NVIDIA,1.98,"3 Cell, 53.5 Whr",
MSI Stealth 16 Ai Studio A1vgg 240vn,msi,Intel,,71,3.8,32,DDR5,5600,2048,16.0,2560x1600,240,NVIDIA,1.99,4-Cell 99.9 Battery (Whr),64990000
MSI Katana Gf66 12udk 814vn,msi,Intel,I7,12,2.3,16,DDR4,3200,512,15.6,1920 x 1080,144,NVIDIA,2.25,"3 cell, 53.5Whr",
MSI Cyborg 15 A13uc 2088vn,msi,Intel,I5,51,4.6,16,DDR5,5600,4096,15.6,1920 x 1080,144,NVIDIA,1.98,3-Cell,
MSI Cyborg 15 B13wekg 676vn,msi,Intel,I5,51,4.6,16,DDR5,5600,4096,15.6,1920 x 1080,144,NVIDIA,2.1,4-Cell,
Lg Gram 2024 14z90s G Ah75a5,lg,Intel,,71,,16,DDR5,6400,512,14.0,1920 x 1200,60,Intel,0.12,"72 Wh Li-Ion Phát lại video: 29,5 giờ JEITA 3.0 (Phát lại video) : 14 giờ JEITA 3.0 (Không hoạt động) : 31 giờ",41390000
Lg Gram 2024 Pro 16z90sp K Ah75a5,lg,Intel,,,,16,DDR5,7467,512,16.0,2880 x 1800,120,Intel,1.19,"77 Wh Li-Ion (GM), 90Wh Li-Ion (PM)",51400000
Lg Gram 2024 14z90s G Ah55a5,lg,Intel,,,,16,DDR5,6400,512,14.0,1920 x 1200,60,Intel,0.12,"72 Wh Li-Ion Phát lại video: 29,5 giờ JEITA 3.0 (Phát lại video) : 14 giờ JEITA 3.0 (Không hoạt động) : 31 giờ",36290000
Lg Gram Book 15u50t G Av56a5,lg,Intel,I5,51,4.6,16,DDR4,3200,512,15.6,1920 x 1080,60,Intel,1.7,51 Wh Li-Ion,16990000
Samsung Galaxy Chromebook Go Xe340xda Ka1vn,samsung,Intel,,45,1.1,4,DDR4,,32,14.0,1366 x 768,60,Intel,1.145,42.3 Wh (Giá trị điển hình),7290000
Samsung Galaxy Chromebook Go Xe310xda Ka1vn,samsung,Intel,,45,1.1,4,DDR4,,32,11.6,1366 x 768,60,Intel,1.06,40.2 Wh (Giá trị điển hình),5990000
Apple MACBOOK Air 13 M4 10cpu 8gpu 16gb 256gb 2025,macbook,,,,,16,,,256,13.6,2560 x 1664,,,1.24,Thời gian xem video trực tuyến lên đến 18 giờ Thời gian duyệt web trên mạng không dây lên đến 15 giờ Pin Li-Po 53.8 watt‑giờ tích hợp,26990000
MACBOOK Air M2 2022 16gb,macbook,,,,,16,,,256,13.6,2560 x 1664,,,1.27,"52,6 Wh",24990000
MACBOOK Pro 14 Inch M4 Pro 24gb 512gb,macbook,,,,,24,,,512,14.2,3024 x 1964,120,,1.6,Pin Li-Po 72.4 watt-giờ Thời gian xem video trực tuyến lên đến 22 giờ Thời gian duyệt web trên mạng không dây lên đến 14 giờ,51990000
Apple MACBOOK Air 13 M4 10cpu 8gpu 16gb 256gb 2025 Sac 70w,macbook,,,,,16,,,256,13.6,2560 x 1664,,,1.24,Thời gian xem video trực tuyến lên đến 18 giờ Thời gian duyệt web trên mạng không dây lên đến 15 giờ Pin Li-Po 53.8 watt‑giờ tích hợp,27990000
Apple MACBOOK Air 13 M4 10cpu 10gpu 16gb 512gb 2025,macbook,,,,,16,,,512,13.6,2560 x 1664,,,1.24,Thời gian xem video trực tuyến lên đến 18 giờ Thời gian duyệt web trên mạng không dây lên đến 15 giờ Pin Li-Po 53.8 watt‑giờ tích hợp,31990000
Apple MACBOOK Air 13 M4 10cpu 10gpu 16gb 512gb 2025 Sac 70w,macbook,,,,,16,,,512,13.6,2560 x 1664,,,1.24,Thời gian xem video trực tuyến lên đến 18 giờ Thời gian duyệt web trên mạng không dây lên đến 15 giờ Pin Li-Po 53.8 watt‑giờ tích hợp,32990000
Apple MACBOOK Air 13 M4 10cpu 10gpu 24gb 512gb 2025,macbook,,,,,24,,,512,13.6,2560 x 1664,,,1.24,Thời gian xem video trực tuyến lên đến 18 giờ Thời gian duyệt web trên mạng không dây lên đến 15 giờ Pin Li-Po 53.8 watt‑giờ tích hợp,36990000
Apple MACBOOK Air 15 M4 10cpu 10gpu 16gb 256gb 2025,macbook,,,,,16,,,256,15.3,2880 x 1864,,,1.51,Thời gian xem video trực tuyến lên đến 18 giờ Thời gian duyệt web trên mạng không dây lên đến 15 giờ Pin Li-Po 66.5 watt‑giờ tích hợp,31990000
Apple MACBOOK Air 15 M4 10cpu 10gpu 16gb 512gb 2025,macbook,,,,,16,,,512,15.3,2880 x 1864,,,1.51,Thời gian xem video trực tuyến lên đến 18 giờ Thời gian duyệt web trên mạng không dây lên đến 15 giờ Pin Li-Po 66.5 watt‑giờ tích hợp,36990000
MACBOOK Air M3 13 Inch 2024,macbook,,,,,8,,,256,13.6,,,,,,27990000
MACBOOK Pro 14 Inch M4 24gb 1tb,macbook,,,,,24,,,1024,14.2,3024 x 1964,120,,1.55,Pin Li-Po 72.4 watt-giờ Thời gian xem video trực tuyến lên đến 24 giờ Thời gian duyệt web trên mạng không dây lên đến 16 giờ,49990000
MACBOOK Pro 16 Inch M4 Max 48gb 1tb,macbook,,,,,48,,,1024,16.2,3456 x 2234,120,,2.15,Pin Li-Po 100 watt-giờ Thời gian xem video trực tuyến lên đến 21 giờ Thời gian duyệt web trên mạng không dây lên đến 14 giờ,103740000
Apple MACBOOK Air 13 M4 10cpu 10gpu 24gb 512gb 2025 Sac 70w,macbook,,,,,24,,,512,13.6,2560 x 1664,,,,Thời gian xem video trực tuyến lên đến 18 giờ Thời gian duyệt web trên mạng không dây lên đến 15 giờ Pin Li-Po 53.8 watt‑giờ tích hợp,37990000
MACBOOK Pro 14 Inch M4 Pro 12 Cpu 16 Gpu 24gb 512gb Sac 96w,macbook,,,,,24,,,512,14.2,3024 x 1964,120,,1.6,Pin Li-Po 72.4 watt-giờ Thời gian xem video trực tuyến lên đến 22 giờ Thời gian duyệt web trên mạng không dây lên đến 14 giờ,52490000
Apple MACBOOK Air 15 M4 10cpu 10gpu 16gb 256gb 2025 Sac 70w,macbook,,,,,16,,,256,15.3,2880 x 1864,,,1.51,Thời gian xem video trực tuyến lên đến 18 giờ Thời gian duyệt web trên mạng không dây lên đến 15 giờ Pin Li-Po 66.5 watt‑giờ tích hợp,32990000
MACBOOK Pro 16 M4 Pro 14 Cpu 20 Gpu 24gb 1tb 2024 Sac 140w,macbook,,,,,24,,,1024,16.2,3456 x 2234,120,,2.14,Pin Li-Po 100 watt-giờ Thời gian xem video trực tuyến lên đến 24 giờ Thời gian duyệt web trên mạng không dây lên đến 17 giờ,71890000
Apple MACBOOK Air 15 M4 10cpu 10gpu 24gb 512gb 2025 Sac 70w,macbook,,,,,24,,,512,15.3,2880 x 1864,,,1.51,Thời gian xem video trực tuyến lên đến 18 giờ Thời gian duyệt web trên mạng không dây lên đến 15 giờ Pin Li-Po 66.5 watt‑giờ tích hợp,42990000
MACBOOK Pro 14 Inch M4 16gb 1tb,macbook,,,,,16,,,1024,14.2,3024 x 1964,120,,1.55,Pin Li-Po 72.4 watt-giờ Thời gian xem video trực tuyến lên đến 24 giờ Thời gian duyệt web trên mạng không dây lên đến 16 giờ,44990000
Apple MACBOOK Air 15 M4 10cpu 10gpu 16gb 512gb 2025 Sac 70w,macbook,,,,,16,,,512,15.3,2880 x 1864,,,1.51,Thời gian xem video trực tuyến lên đến 18 giờ Thời gian duyệt web trên mạng không dây lên đến 15 giờ Pin Li-Po 66.5 watt‑giờ tích hợp,37990000
MACBOOK Pro 16 Inch M4 Pro 24gb 512gb,macbook,,,,,24,,,512,16.2,3456 x 2234,120,,2.14,Pin Li-Po 100 watt-giờ Thời gian xem video trực tuyến lên đến 24 giờ Thời gian duyệt web trên mạng không dây lên đến 17 giờ,66990000
MACBOOK Pro M4 Pro 14 Inch 12cpu 16gpu 24gb 512gb Nano,macbook,,,,,24,,,512,14.2,3024 x 1964,120,,1.6,Pin Li-Po 72.4 watt-giờ Thời gian xem video trực tuyến lên đến 22 giờ Thời gian duyệt web trên mạng không dây lên đến 14 giờ,55660000
MACBOOK Pro 16 Inch M4 Pro 48gb 512gb,macbook,,,,,48,,,512,16.2,3456 x 2234,120,,2.14,Pin Li-Po 100 watt-giờ Thời gian xem video trực tuyến lên đến 24 giờ Thời gian duyệt web trên mạng không dây lên đến 17 giờ,76790000
MACBOOK Pro M4 Pro 14 Inch 14cpu 20gpu 24gb 1tb Nano,macbook,,,,,24,,,1024,14.2,3024 x 1964,120,,1.6,Pin Li-Po 72.4 watt-giờ Thời gian xem video trực tuyến lên đến 22 giờ Thời gian duyệt web trên mạng không dây lên đến 14 giờ,65460000
MACBOOK Air 15 Inch M4 10cpu 10gpu 24gb 256gb 2025 Sac 70w,macbook,,,,,24,,,256,15.3,2880 x 1864,,,1.51,Thời gian xem video trực tuyến lên đến 18 giờ Thời gian duyệt web trên mạng không dây lên đến 15 giờ Pin Li-Po 66.5 watt‑giờ tích hợp,
MACBOOK Pro 14 Inch M5 24gb 1tb,macbook,,,,,24,,,1024,14.2,3024 x 1964,120,,1.55,Thời gian xem video trực tuyến lên đến 24 giờ Thời gian duyệt web trên mạng không dây lên đến 16 giờ Pin Li-Po 72.4 watt-giờ,
MACBOOK Pro 14 Inch M5 10 Cpu 10 Gpu 32gb 1tb Nano,macbook,,,,,32,,,1024,14.2,3024 x 1964,120,,1.55,Thời gian xem video trực tuyến lên đến 24 giờ Thời gian duyệt web trên mạng không dây lên đến 16 giờ Pin Li-Po 72.4 watt-giờ,
MACBOOK Pro M4 Max 14 Inch 14cpu 32gpu 36gb 1tb Nano,macbook,,,,,36,,,1024,14.2,3024 x 1964,120,,1.62,Pin Li-Po 72.4 watt-giờ Thời gian xem video trực tuyến lên đến 18 giờ Thời gian duyệt web trên mạng không dây lên đến 13 giờ,85060000
MACBOOK Pro 14 Inch M5 10 Cpu 10 Gpu 24gb 512gb,macbook,,,,,24,,,512,14.2,3024 x 1964,120,,1.55,Thời gian xem video trực tuyến lên đến 24 giờ Thời gian duyệt web trên mạng không dây lên đến 16 giờ Pin Li-Po 72.4 watt-giờ,
MACBOOK Pro 14 Inch M5 16gb 1tb,macbook,,,,,16,,,1024,14.2,3024 x 1964,120,,1.55,Thời gian xem video trực tuyến lên đến 24 giờ Thời gian duyệt web trên mạng không dây lên đến 16 giờ Pin Li-Po 72.4 watt-giờ,
MACBOOK Pro 14 Inch M5 10 Cpu 10 Gpu 32gb 512gb Nano,macbook,,,,,32,,,512,14.2,3024 x 1964,120,,1.55,Thời gian xem video trực tuyến lên đến 24 giờ Thời gian duyệt web trên mạng không dây lên đến 16 giờ Pin Li-Po 72.4 watt-giờ,
MACBOOK Pro 14 Inch M5 10 Cpu 10 Gpu 24gb 512gb Nano,macbook,,,,,24,,,512,14.2,3024 x 1964,120,,1.55,Thời gian xem video trực tuyến lên đến 24 giờ Thời gian duyệt web trên mạng không dây lên đến 16 giờ Pin Li-Po 72.4 watt-giờ,
MACBOOK Pro 14 Inch M5 16gb 512gb,macbook,,,,,16,,,512,14.2,3024 x 1964,120,,1.55,Thời gian xem video trực tuyến lên đến 24 giờ Thời gian duyệt web trên mạng không dây lên đến 16 giờ Pin Li-Po 72.4 watt-giờ,
MACBOOK Pro 14 Inch M5 10 Cpu 10 Gpu 16gb 512gb Nano,macbook,,,,,16,,,512,14.2,3024 x 1964,120,,1.55,Thời gian xem video trực tuyến lên đến 24 giờ Thời gian duyệt web trên mạng không dây lên đến 16 giờ Pin Li-Po 72.4 watt-giờ,
MACBOOK Pro 14 Inch M5 10 Cpu 10 Gpu 32gb 512gb,macbook,,,,,32,,,512,14.2,3024 x 1964,120,,1.55,Thời gian xem video trực tuyến lên đến 24 giờ Thời gian duyệt web trên mạng không dây lên đến 16 giờ Pin Li-Po 72.4 watt-giờ,
MACBOOK Pro M4 Pro 14 Inch 14cpu 20gpu 24gb 512gb Nano,macbook,,,,,24,,,512,14.2,3024 x 1964,120,,1.6,Pin Li-Po 72.4 watt-giờ Thời gian xem video trực tuyến lên đến 22 giờ Thời gian duyệt web trên mạng không dây lên đến 14 giờ,60560000
MACBOOK Air M2 2022,macbook,,,,,8,,,256,13.6,2560 x 1664,,,1.27,"52,6 Wh",24990000
MACBOOK Pro 14 Inch M3 Max 96gb 512gb Sac 96w,macbook,,,,,96,,,512,14.2,3024 x 1964,120,,1.55,"Pin Li-Po 72,4 watt-giờ",95990000
MACBOOK Pro 14 Inch M4 16gb 512gb,macbook,,,,,16,,,512,14.2,3024 x 1964,120,,1.55,Pin Li-Po 72.4 watt-giờ Thời gian xem video trực tuyến lên đến 24 giờ Thời gian duyệt web trên mạng không dây lên đến 16 giờ,39990000
MACBOOK Pro M4 14 Inch 10cpu 10gpu 24gb 512gb,macbook,,,,,24,,,512,14.2,3024 x 1964,120,,1.55,Pin Li-Po 72.4 watt-giờ Thời gian xem video trực tuyến lên đến 24 giờ Thời gian duyệt web trên mạng không dây lên đến 16 giờ,44990000
MACBOOK Air 2020 M1,macbook,,,,,8,DDR4,,256,13.3,2560 x 1600,,,1.29,"49.9-watt lithium-polymer, củ sạc công suất 30W",22990000
MACBOOK Air M2 2022 16gb 256gb 10gpu,macbook,,,,,16,,,256,13.6,2560 x 1664,,,1.24,"52,6 Wh",27490000
MACBOOK Air M2 2022 16gb 512gb Sac 70w,macbook,,,,,16,,,512,13.6,2560 x 1664,,,1.27,"52,6 Wh",29990000
MACBOOK Pro 16 Inch M3 Pro 36gb 512gb 2023,macbook,,,,,36,,,512,16.2,3024 x 1964,120,,55.0,,
Apple MACBOOK Pro 14 M4 10 Cpu 10 Gpu 16gb 512gb 2024 Nano,macbook,,,,,16,,,512,14.2,3024 x 1964,120,,1.55,Pin Li-Po 72.4 watt-giờ Thời gian xem video trực tuyến lên đến 24 giờ Thời gian duyệt web trên mạng không dây lên đến 16 giờ,43790000
MACBOOK Air M3 13 Inch 2024 16gb 256gb 10gpu,macbook,,,,,16,,,256,13.6,,,,,,30490000
MACBOOK Pro M4 Max 16 Inch 14cpu 32gpu 36gb 1tb Nano,macbook,,,,,36,,,1024,16.2,3456 x 2234,120,,2.15,Pin Li-Po 100 watt-giờ Thời gian xem video trực tuyến lên đến 21 giờ Thời gian duyệt web trên mạng không dây lên đến 14 giờ,95160000
MACBOOK Pro 14 Inch M4 Max 36gb 1tb,macbook,,,,,36,,,1024,14.2,3024 x 1964,120,,1.62,Pin Li-Po 72.4 watt-giờ Thời gian xem video trực tuyến lên đến 18 giờ Thời gian duyệt web trên mạng không dây lên đến 13 giờ,81390000
MACBOOK Air 13 M3 24gb 512gb 2024 Sac 35w,macbook,,,,,24,,,512,13.6,,,,,,37990000
MACBOOK Air M3 13 Inch 2024 16gb 512gb,macbook,,,,,16,,,512,13.6,,,,,,32990000
MACBOOK Pro 14 Inch M4 10 Cpu 10 Gpu 16gb 512gb Sac 96w,macbook,,,,,16,,,512,14.2,3024 x 1964,120,,1.55,Pin Li-Po 72.4 watt-giờ Thời gian xem video trực tuyến lên đến 24 giờ Thời gian duyệt web trên mạng không dây lên đến 16 giờ,39760000
MACBOOK Air M3 13 Inch 2024 16gb 256gb,macbook,,,,,16,,,256,13.6,,,,,,27990000
MACBOOK Pro 16 Inch M3 Pro 2023 36gb 1tb,macbook,,,,,36,,,1024,16.2,3024 x 1964,120,,55.0,,79990000
MACBOOK Air 15 M3 24gb 512gb 2024 35w,macbook,,,,,24,,,512,15.3,,,,,,42990000
Apple MACBOOK Pro 14 M4 Pro 14 Cpu 20 Gpu 48gb 1tb 2024,macbook,,,,,48,,,1024,14.2,3024 x 1964,120,,1.6,Pin Li-Po 72.4 watt-giờ Thời gian xem video trực tuyến lên đến 22 giờ Thời gian duyệt web trên mạng không dây lên đến 14 giờ,
MACBOOK Pro 2020 13 Inch Touch Bar M1 512gb,macbook,,,,,8,,,512,13.3,2560 x 1600,,,1.4,"58.2-watt-hour lithium-polymer, 61W USB-C Power Adapter",41990000
MACBOOK Air M3 15 Inch 2024 16gb 256gb,macbook,,,,,16,,,256,15.3,,,,,,32990000
MACBOOK Pro 14 M4 Pro 14 Cpu 20 Gpu 24gb 1tb 2024 Sac 96w,macbook,,,,,24,,,1024,14.2,3024 x 1964,120,,1.6,Pin Li-Po 72.4 watt-giờ Thời gian xem video trực tuyến lên đến 22 giờ Thời gian duyệt web trên mạng không dây lên đến 14 giờ,
MACBOOK Pro 14 Inch M3 2023 8gb 512gb,macbook,,,,,8,,,512,14.2,3024 x 1964,120,,55.0,70Wh,39990000
MACBOOK Pro 16 Inch M3 Max 2023 36gb 1tb,macbook,,,,,36,,,1024,16.2,3024 x 1964,120,,16.0,"Pin Li-Po 72,4 watt-giờ",89990000
MACBOOK Pro 16 Inch M2 Pro 2023,macbook,,,,,16,,,2048,16.0,3456 x 2234,,,2.1,70Wh Sạc 96W,65990000
MACBOOK Air 2020 M1 512gb,macbook,,,,,8,,,512,13.3,2560 x 1600,,,1.29,"49.9-watt-hour lithium-polymer, củ sạc công suất 30W",
Apple MACBOOK Pro 16 M4 Pro 14 Cpu 20 Gpu 48gb 1tb 2024,macbook,,,,,48,,,1024,16.2,3456 x 2234,120,,2.14,Pin Li-Po 100 watt-giờ Thời gian xem video trực tuyến lên đến 24 giờ Thời gian duyệt web trên mạng không dây lên đến 17 giờ,81690000
MACBOOK Air 15 Inch M2 2023 16gb 256gb,macbook,,,,,16,,,256,15.0,,,,1.51,Lên đến 18 giờ,37990000
MACBOOK Pro 16 Inch M4 Pro 14 Cpu 20 Gpu 48gb 1tb 2024,macbook,,,,,48,,,1024,16.2,3456 x 2234,120,,2.14,Pin Li-Po 100 watt-giờ Thời gian xem video trực tuyến lên đến 24 giờ Thời gian duyệt web trên mạng không dây lên đến 17 giờ,
MACBOOK Air M3 13 Inch 8cpu 10gpu 24gb 512gb Sac 70w,macbook,,,,,24,,,512,13.6,,,,,,37990000
MACBOOK Air 13 Inch M3 24gb 256gb 2024 Sac 30w,macbook,,,,,24,,,256,13.6,,,,,,32990000
MACBOOK Pro M4 Pro 16 Inch 14cpu 20gpu 24gb 512gb Nano,macbook,,,,,24,,,512,16.2,3456 x 2234,120,,2.14,Pin Li-Po 100 watt-giờ Thời gian xem video trực tuyến lên đến 24 giờ Thời gian duyệt web trên mạng không dây lên đến 17 giờ,70660000
MACBOOK Air 13 Inch M3 2023 24gb 1tb,macbook,,,,,24,,,1024,13.6,,,,1.24,,
MACBOOK Pro 14 Inch M3 Pro 36gb 512gb Sac 70w,macbook,,,,,36,,,512,14.2,3024 x 1964,120,,1.55,"Pin Li-Po 72,4 watt-giờ",59990000
MACBOOK Pro 14 Inch M3 Pro 2023 18gb 2tb,macbook,,,,,18,,,2048,14.2,3024 x 1964,120,,1.61,70Wh,64990000
MACBOOK Pro 14 Inch M3 Pro 2023 36gb 1tb Sac 70w,macbook,,,,,36,,,1024,14.2,3024 x 1964,120,,1.55,"Thời gian xem phim trên ứng dụng Apple TV lên đến 18 giờ Pin Li-Po 72,4 watt-giờ",
MACBOOK Air M3 15 Inch 24gb 512gb 2024 Sac 70w,macbook,,,,,24,,,512,15.3,,,,,,42990000
MACBOOK Air 15 Inch M3 16gb 1tb 2024 Sac 70w,macbook,,,,,16,,,1024,15.3,2880 x 1864,60,,1.51,Pin Li-Po 66.5 watt-giờ,
Apple MACBOOK Pro 14 M4 10cpu 10gpu 16gb 512gb 2024 Sac 96w,macbook,,,,,16,,,512,14.2,3024 x 1964,120,,1.55,Pin Li-Po 72.4 watt-giờ Thời gian xem video trực tuyến lên đến 24 giờ Thời gian duyệt web trên mạng không dây lên đến 16 giờ,
Apple MACBOOK Air 13 M3 8cpu 10gpu 16gb 1tb 2024,macbook,,,,,16,,,1024,13.6,,,,,,37990000
MACBOOK Pro 14 Inch M2 Max 64gb 2023,macbook,,,,,64,,,1024,14.2,3024 x 1964,,,1.6,70Wh Đi kèm củ sạc 96W,92990000
MACBOOK Pro M4 Pro 14 Inch 12cpu 16gpu 48gb 512gb 2024,macbook,,,,,,,,,,,,,,,
GIGABYTE Gaming A16 Ga6h Cthi3vn893sh,gigabyte,Intel,I7,71,4.9,16,DDR5,5200,4096,16.0,1920 x 1200,165,NVIDIA,2.23,4 Cell Int (76.1Wh),30990000
GIGABYTE G6 Mf H2ph853kh,gigabyte,Intel,I7,71,3.6,16,DDR5,4800,4096,16.0,1920 x 1200,165,NVIDIA,2.279,4 Cell Int (54Wh),25190000
GIGABYTE Gaming A16 Ga6h Cmhi2vn893sh,gigabyte,Intel,I7,71,4.9,16,DDR5,5200,4096,16.0,1920 x 1200,165,NVIDIA,2.204,4 Cell Int (76.1Wh),27290000
GIGABYTE Aero X16 Eg61h X161vh93vnc64ah RYZEN Ai 7,gigabyte,AMD,,3,2.0,32,DDR5,5600,1024,16.0,2560 x 1600,165,NVIDIA,1.99,Li Polymer 76Wh,39690000
GIGABYTE Gaming A16 Ga6h Cmhh2vn893sh,gigabyte,Intel,I5,51,4.6,16,DDR5,5200,4096,16.0,1920 x 1200,165,NVIDIA,2.212,4 Cell Int (76.1Wh),24990000
GIGABYTE Gaming A16 Ga6h Cthh3vn893sh,gigabyte,Intel,I5,51,4.6,16,DDR5,5200,4096,16.0,1920 x 1200,165,NVIDIA,2.227,4 Cell Int (76.1Wh),30590000
GIGABYTE Gaming A16 Ga6h Cvhi3vnc94sh,gigabyte,Intel,I7,71,4.9,16,DDR5,5200,1024,15.6,2560 x 1600,165,NVIDIA,2.268,4 Cell Int (76.1Wh),36490000
GIGABYTE Aorus Master 16 Am6h Byhc5vne64sh,gigabyte,Intel,,,5.4,32,DDR5,5600,1024,16.0,2560 x 1600,240,NVIDIA,2.5,99Wh,96590000
GIGABYTE Aorus 16x 9rx6lasgddjixdvn010,gigabyte,Intel,I7,14,20.0,16,DDR5,5600,1024,16.0,2560x1600,165,NVIDIA,2.345,Li Polymer 99Wh,45990000
GIGABYTE Gaming A16 Ga6h Cwhi3vnc94sh,gigabyte,Intel,I7,71,4.9,16,DDR5,5200,1024,16.0,2560 x 1600,165,NVIDIA,2.268,4 Cell Int (76.1Wh),42590000
GIGABYTE G6 Kf 9rc56kf0hjjanivn000,gigabyte,Intel,I7,71,4.9,16,DDR5,4800,1024,16.0,1920 x 1200,165,NVIDIA,2.275,Lithium-Ion 54Wh,30990000
GIGABYTE Aero X16 Eg61h X161vh93vnc94dh RYZEN Ai 7,gigabyte,AMD,,3,2.0,16,DDR5,5600,1024,16.0,2560 x 1600,165,NVIDIA,1.985,Li Polymer 76Wh,38690000
GIGABYTE G6 Kf 73vn854kh,gigabyte,Intel,I7,71,5.0,16,DDR5,4800,1024,16.0,1920 x 1200,165,NVIDIA,2.299,Lithium-Ion 54Wh,28290000
GIGABYTE G5 Md 51s1123sh,gigabyte,Intel,I5,11,,16,DDR4,3200,512,15.6,1920 x 1080,144,NVIDIA,2.2,4 Cell 150 W,
GIGABYTE G5 Mf5 52vn353sh,gigabyte,Intel,I5,51,2.6,16,DDR5,4800,512,15.6,1920 x 1080,144,,2.0,"54 Wh, Pin liền",
GIGABYTE G5 Ke 52vn263sh,gigabyte,Intel,I5,51,2.5,8,DDR4,3200,512,15.6,1920 x 1080,144,NVIDIA,1.99,4 Cell 54WHrs,
GIGABYTE G5 Kf5 53vn383sh,gigabyte,Intel,I5,51,4.7,8,DDR5,4800,512,15.6,1920 x 1080,144,NVIDIA,2.08,54WHrs,26290000
GIGABYTE Gaming A16 Ga6h Cvhi3vn893sh,gigabyte,Intel,I7,71,4.9,16,DDR5,5200,4096,16.0,1920 x 1200,165,NVIDIA,2.233,4 Cell Int (76.1Wh),34590000
GIGABYTE G5 Mf5 9rc55mf5feid91vn0d0,gigabyte,Intel,I5,51,4.7,8,DDR5,4800,4096,15.6,1920 x 1080,144,NVIDIA,2.107,Lithium-Ion 54Wh,
